--
-- PostgreSQL database dump
--

SET statement_timeout = 0;
SET lock_timeout = 0;
SET client_encoding = 'UTF8';
SET standard_conforming_strings = on;
SET check_function_bodies = false;
SET client_min_messages = warning;

--
-- Name: plpgsql; Type: EXTENSION; Schema: -; Owner: 
--

CREATE EXTENSION IF NOT EXISTS plpgsql WITH SCHEMA pg_catalog;


--
-- Name: EXTENSION plpgsql; Type: COMMENT; Schema: -; Owner: 
--

COMMENT ON EXTENSION plpgsql IS 'PL/pgSQL procedural language';


SET search_path = public, pg_catalog;

SET default_tablespace = '';

SET default_with_oids = false;

--
-- Name: alert; Type: TABLE; Schema: public; Owner: postgres; Tablespace: 
--

CREATE TABLE alert (
    alert_id bigint NOT NULL,
    patient_uuid character varying(100) NOT NULL,
    alert_time timestamp with time zone NOT NULL,
    alert_text character varying(5000) NOT NULL,
    data_id bigint NOT NULL,
    transmit_success_date timestamp with time zone,
    retry_attempts integer NOT NULL
);


ALTER TABLE alert OWNER TO postgres;

--
-- Name: alert_alert_id_seq; Type: SEQUENCE; Schema: public; Owner: postgres
--

CREATE SEQUENCE alert_alert_id_seq
    START WITH 1
    INCREMENT BY 1
    NO MINVALUE
    NO MAXVALUE
    CACHE 1;


ALTER TABLE alert_alert_id_seq OWNER TO postgres;

--
-- Name: alert_alert_id_seq; Type: SEQUENCE OWNED BY; Schema: public; Owner: postgres
--

ALTER SEQUENCE alert_alert_id_seq OWNED BY alert.alert_id;


--
-- Name: attribute_threshold; Type: TABLE; Schema: public; Owner: postgres; Tablespace: 
--

CREATE TABLE attribute_threshold (
    attribute_threshold_id integer NOT NULL,
    attribute_id integer NOT NULL,
    patient_uuid character varying(100) NOT NULL,
    threshold_type character varying(100) NOT NULL,
    threshold_low_value character varying(100) NOT NULL,
    threshold_high_value character varying(100) NOT NULL,
    effective_date timestamp with time zone NOT NULL
);


ALTER TABLE attribute_threshold OWNER TO postgres;

--
-- Name: attribute_threshold_attribute_threshold_id_seq; Type: SEQUENCE; Schema: public; Owner: postgres
--

CREATE SEQUENCE attribute_threshold_attribute_threshold_id_seq
    START WITH 1
    INCREMENT BY 1
    NO MINVALUE
    NO MAXVALUE
    CACHE 1;


ALTER TABLE attribute_threshold_attribute_threshold_id_seq OWNER TO postgres;

--
-- Name: attribute_threshold_attribute_threshold_id_seq; Type: SEQUENCE OWNED BY; Schema: public; Owner: postgres
--

ALTER SEQUENCE attribute_threshold_attribute_threshold_id_seq OWNED BY attribute_threshold.attribute_threshold_id;


--
-- Name: patient; Type: TABLE; Schema: public; Owner: postgres; Tablespace: 
--

CREATE TABLE patient (
    patient_uuid character varying(100) NOT NULL,
    patient_group_uuid character varying(100)
);


ALTER TABLE patient OWNER TO postgres;

--
-- Name: patient_details; Type: TABLE; Schema: public; Owner: postgres; Tablespace: 
--

CREATE TABLE patient_details (
    patient_uuid character varying(100) NOT NULL,
    nhs_number character varying(100) NOT NULL,
    first_name character varying(100) NOT NULL,
    last_name character varying(100) NOT NULL,
    dob timestamp with time zone NOT NULL
);


ALTER TABLE patient_details OWNER TO postgres;

--
-- Name: patient_group; Type: TABLE; Schema: public; Owner: postgres; Tablespace: 
--

CREATE TABLE patient_group (
    patient_group_uuid character varying(100) NOT NULL,
    patient_group_name character varying(100)
);


ALTER TABLE patient_group OWNER TO postgres;

--
-- Name: recording_device_attribute; Type: TABLE; Schema: public; Owner: postgres; Tablespace: 
--

CREATE TABLE recording_device_attribute (
    attribute_id integer NOT NULL,
    attribute_name character varying(100) NOT NULL,
    type_id integer NOT NULL,
    attribute_units character varying(100),
    attribute_type character varying(100) NOT NULL
);


ALTER TABLE recording_device_attribute OWNER TO postgres;

--
-- Name: recording_device_attribute_attribute_id_seq; Type: SEQUENCE; Schema: public; Owner: postgres
--

CREATE SEQUENCE recording_device_attribute_attribute_id_seq
    START WITH 1
    INCREMENT BY 1
    NO MINVALUE
    NO MAXVALUE
    CACHE 1;


ALTER TABLE recording_device_attribute_attribute_id_seq OWNER TO postgres;

--
-- Name: recording_device_attribute_attribute_id_seq; Type: SEQUENCE OWNED BY; Schema: public; Owner: postgres
--

ALTER SEQUENCE recording_device_attribute_attribute_id_seq OWNED BY recording_device_attribute.attribute_id;


--
-- Name: recording_device_data; Type: TABLE; Schema: public; Owner: postgres; Tablespace: 
--

CREATE TABLE recording_device_data (
    data_id bigint NOT NULL,
    attribute_id integer NOT NULL,
    data_value character varying(1000) NOT NULL,
    patient_uuid character varying(100) NOT NULL,
    data_value_time timestamp with time zone NOT NULL,
    downloaded_time timestamp with time zone NOT NULL,
    schedule_effective_time timestamp with time zone,
    schedule_expiry_time timestamp with time zone,
    alert_status character varying(100)
);


ALTER TABLE recording_device_data OWNER TO postgres;

--
-- Name: recording_device_data_data_id_seq; Type: SEQUENCE; Schema: public; Owner: postgres
--

CREATE SEQUENCE recording_device_data_data_id_seq
    START WITH 1
    INCREMENT BY 1
    NO MINVALUE
    NO MAXVALUE
    CACHE 1;


ALTER TABLE recording_device_data_data_id_seq OWNER TO postgres;

--
-- Name: recording_device_data_data_id_seq; Type: SEQUENCE OWNED BY; Schema: public; Owner: postgres
--

ALTER SEQUENCE recording_device_data_data_id_seq OWNED BY recording_device_data.data_id;


--
-- Name: recording_device_type; Type: TABLE; Schema: public; Owner: postgres; Tablespace: 
--

CREATE TABLE recording_device_type (
    type_id integer NOT NULL,
    type character varying(100) NOT NULL,
    make character varying(100) NOT NULL,
    model character varying(100) NOT NULL,
    display_name character varying(1000) NOT NULL
);


ALTER TABLE recording_device_type OWNER TO postgres;

--
-- Name: recording_device_type_type_id_seq; Type: SEQUENCE; Schema: public; Owner: postgres
--

CREATE SEQUENCE recording_device_type_type_id_seq
    START WITH 1
    INCREMENT BY 1
    NO MINVALUE
    NO MAXVALUE
    CACHE 1;


ALTER TABLE recording_device_type_type_id_seq OWNER TO postgres;

--
-- Name: recording_device_type_type_id_seq; Type: SEQUENCE OWNED BY; Schema: public; Owner: postgres
--

ALTER SEQUENCE recording_device_type_type_id_seq OWNED BY recording_device_type.type_id;


--
-- Name: alert_id; Type: DEFAULT; Schema: public; Owner: postgres
--

ALTER TABLE ONLY alert ALTER COLUMN alert_id SET DEFAULT nextval('alert_alert_id_seq'::regclass);


--
-- Name: attribute_threshold_id; Type: DEFAULT; Schema: public; Owner: postgres
--

ALTER TABLE ONLY attribute_threshold ALTER COLUMN attribute_threshold_id SET DEFAULT nextval('attribute_threshold_attribute_threshold_id_seq'::regclass);


--
-- Name: attribute_id; Type: DEFAULT; Schema: public; Owner: postgres
--

ALTER TABLE ONLY recording_device_attribute ALTER COLUMN attribute_id SET DEFAULT nextval('recording_device_attribute_attribute_id_seq'::regclass);


--
-- Name: data_id; Type: DEFAULT; Schema: public; Owner: postgres
--

ALTER TABLE ONLY recording_device_data ALTER COLUMN data_id SET DEFAULT nextval('recording_device_data_data_id_seq'::regclass);


--
-- Name: type_id; Type: DEFAULT; Schema: public; Owner: postgres
--

ALTER TABLE ONLY recording_device_type ALTER COLUMN type_id SET DEFAULT nextval('recording_device_type_type_id_seq'::regclass);


--
-- Data for Name: alert; Type: TABLE DATA; Schema: public; Owner: postgres
--

COPY alert (alert_id, patient_uuid, alert_time, alert_text, data_id, transmit_success_date, retry_attempts) FROM stdin;
\.


--
-- Name: alert_alert_id_seq; Type: SEQUENCE SET; Schema: public; Owner: postgres
--

SELECT pg_catalog.setval('alert_alert_id_seq', 165, true);


--
-- Data for Name: attribute_threshold; Type: TABLE DATA; Schema: public; Owner: postgres
--

COPY attribute_threshold (attribute_threshold_id, attribute_id, patient_uuid, threshold_type, threshold_low_value, threshold_high_value, effective_date) FROM stdin;
9	97	d9bc2478-062e-4b87-9060-4984f26b74be	org.medipi.clinical.threshold.SimpleInclusiveHighLowTest	120	150	2014-01-03 23:26:59.709+00
10	98	d9bc2478-062e-4b87-9060-4984f26b74be	org.medipi.clinical.threshold.SimpleInclusiveHighLowTest	80	100	2014-01-03 23:26:59.716+00
7	91	d9bc2478-062e-4b87-9060-4984f26b74be	org.medipi.clinical.threshold.ChangeOverTimeTest	72	3	2014-10-01 00:00:00+01
\.


--
-- Name: attribute_threshold_attribute_threshold_id_seq; Type: SEQUENCE SET; Schema: public; Owner: postgres
--

SELECT pg_catalog.setval('attribute_threshold_attribute_threshold_id_seq', 10, true);


--
-- Data for Name: patient; Type: TABLE DATA; Schema: public; Owner: postgres
--

COPY patient (patient_uuid, patient_group_uuid) FROM stdin;
9a524160-e943-4811-9942-0ebf7f176ff1	8f243308-6026-4093-b548-5ec2144e1f36
336ec0fc-c569-49a7-94cc-310e4610c92e	8f243308-6026-4093-b548-5ec2144e1f36
5fc71393-0516-4474-9445-f6ddd0154717	8f243308-6026-4093-b548-5ec2144e1f36
d9bc2478-062e-4b87-9060-4984f26b74be	8f243308-6026-4093-b548-5ec2144e1f36
\.


--
-- Data for Name: patient_details; Type: TABLE DATA; Schema: public; Owner: postgres
--

COPY patient_details (patient_uuid, nhs_number, first_name, last_name, dob) FROM stdin;
9a524160-e943-4811-9942-0ebf7f176ff1	9434294126	John	Doe	1933-09-10 00:00:00+01
336ec0fc-c569-49a7-94cc-310e4610c92e	9476525428	Jim	Dale	1974-05-29 00:00:00+01
5fc71393-0516-4474-9445-f6ddd0154717	9463764607	Jane	Doe	1932-06-08 00:00:00+01
d9bc2478-062e-4b87-9060-4984f26b74be	9476527730	Joan	Sims	1972-09-19 00:00:00+01
\.


--
-- Data for Name: patient_group; Type: TABLE DATA; Schema: public; Owner: postgres
--

COPY patient_group (patient_group_uuid, patient_group_name) FROM stdin;
8f243308-6026-4093-b548-5ec2144e1f36	Clinical Group B
\.


--
-- Data for Name: recording_device_attribute; Type: TABLE DATA; Schema: public; Owner: postgres
--

COPY recording_device_attribute (attribute_id, attribute_name, type_id, attribute_units, attribute_type) FROM stdin;
91	weight	56	kg	DOUBLE
92	conversation	57	NONE	STRING
93	outcome	57	NONE	STRING
94	temperature	58	CELCIUS	DOUBLE
95	pulse	59	BPM	INTEGER
96	spo2	59	%	INTEGER
97	systol	60	mmHg	INTEGER
98	diastol	60	mmHg	INTEGER
99	pulserate	60	BPM	INTEGER
100	rest	60	NONE	BOOLEAN
101	arrhythmia	60	NONE	BOOLEAN
102	conversation	61	NONE	STRING
103	outcome	61	NONE	STRING
104	conversation	62	NONE	STRING
105	outcome	62	NONE	STRING
\.


--
-- Name: recording_device_attribute_attribute_id_seq; Type: SEQUENCE SET; Schema: public; Owner: postgres
--

SELECT pg_catalog.setval('recording_device_attribute_attribute_id_seq', 105, true);


--
-- Data for Name: recording_device_data; Type: TABLE DATA; Schema: public; Owner: postgres
--

COPY recording_device_data (data_id, attribute_id, data_value, patient_uuid, data_value_time, downloaded_time, schedule_effective_time, schedule_expiry_time, alert_status) FROM stdin;
4445	91	81.0	d9bc2478-062e-4b87-9060-4984f26b74be	2017-01-03 12:00:00+00	2017-01-03 12:00:01+00	2017-01-03 10:00:00+00	2017-01-04 10:00:00+00	\N
4446	91	79.0	d9bc2478-062e-4b87-9060-4984f26b74be	2017-01-04 12:00:00+00	2017-01-04 12:00:01+00	2017-01-04 10:00:00+00	2017-01-05 10:00:00+00	\N
4442	91	80.0	d9bc2478-062e-4b87-9060-4984f26b74be	2016-12-31 12:00:00+00	2016-12-31 12:00:01+00	2016-12-31 10:00:00+00	2017-01-01 10:00:00+00	\N
4444	91	80.0	d9bc2478-062e-4b87-9060-4984f26b74be	2017-01-02 12:00:00+00	2017-01-02 12:00:01+00	2017-01-02 10:00:00+00	2017-01-03 10:00:00+00	\N
4443	91	80.0	d9bc2478-062e-4b87-9060-4984f26b74be	2017-01-01 12:00:00+00	2017-01-01 12:00:01+00	2017-01-01 10:00:00+00	2017-01-02 10:00:00+00	\N
4142	91	79.2	5fc71393-0516-4474-9445-f6ddd0154717	2016-03-14 18:41:00+00	2016-05-12 09:24:51.546+01	2016-01-01 00:00:00+00	2016-01-02 00:00:00+00	\N
4143	91	78.5	5fc71393-0516-4474-9445-f6ddd0154717	2016-03-22 16:04:00+00	2016-05-12 09:24:51.546+01	2016-01-01 00:00:00+00	2016-01-02 00:00:00+00	\N
4144	91	77.3	5fc71393-0516-4474-9445-f6ddd0154717	2015-03-05 21:21:00+00	2016-05-12 09:24:51.546+01	2016-01-01 00:00:00+00	2016-01-02 00:00:00+00	\N
4145	91	80.4	5fc71393-0516-4474-9445-f6ddd0154717	2016-03-14 15:26:00+00	2016-05-12 09:24:51.546+01	2016-01-01 00:00:00+00	2016-01-02 00:00:00+00	\N
4146	91	77.9	5fc71393-0516-4474-9445-f6ddd0154717	2016-05-17 00:20:00+01	2016-05-16 23:32:34.231+01	2016-08-01 00:00:00+01	2017-10-01 00:00:00+01	\N
4147	92	Are you feeling more breathless than usual today?|No|Are you using more pillows to sleep?|No|Are your ankles more swollen than usual?|No|Good, if you become concerned about your symptoms please contact your nurse or GP for advice	d9bc2478-062e-4b87-9060-4984f26b74be	2016-09-17 00:23:18.429+01	2016-09-17 00:23:26.514+01	2016-09-17 00:08:00+01	2016-09-17 00:38:00+01	\N
4148	93	POSITIVE_RESPONSE	d9bc2478-062e-4b87-9060-4984f26b74be	2016-09-17 00:23:18.429+01	2016-09-17 00:23:26.612+01	2016-09-17 00:08:00+01	2016-09-17 00:38:00+01	\N
4149	92	Are you feeling more breathless than usual today?|Yes|Take your water tablets as advised. Please contact your nurse or GP for further advice	d9bc2478-062e-4b87-9060-4984f26b74be	2016-09-17 00:24:22.312+01	2016-09-17 00:24:29.049+01	2016-09-17 00:08:00+01	2016-09-17 00:38:00+01	\N
4150	93	NEGATIVE_RESPONSE	d9bc2478-062e-4b87-9060-4984f26b74be	2016-09-17 00:24:22.312+01	2016-09-17 00:24:29.067+01	2016-09-17 00:08:00+01	2016-09-17 00:38:00+01	\N
4151	92	Are you feeling more breathless than usual today?|No|Are you using more pillows to sleep?|No|Are your ankles more swollen than usual?|Yes|Take your water tablets as advised. Please contact your nurse or GP for further advice	d9bc2478-062e-4b87-9060-4984f26b74be	2016-09-21 00:41:23.661+01	2016-09-21 00:41:28.368+01	2016-09-21 00:38:00+01	2016-09-21 01:08:00+01	\N
4152	93	NEGATIVE_RESPONSE	d9bc2478-062e-4b87-9060-4984f26b74be	2016-09-21 00:41:23.661+01	2016-09-21 00:41:28.384+01	2016-09-21 00:38:00+01	2016-09-21 01:08:00+01	\N
4153	92	Are you feeling more breathless than usual today?|Yes|Take your water tablets as advised. Please contact your nurse or GP for further advice	d9bc2478-062e-4b87-9060-4984f26b74be	2016-09-21 01:18:24.204+01	2016-09-21 01:18:27.387+01	2016-09-21 01:08:00+01	2016-09-21 01:38:00+01	\N
4154	93	NEGATIVE_RESPONSE	d9bc2478-062e-4b87-9060-4984f26b74be	2016-09-21 01:18:24.204+01	2016-09-21 01:18:27.426+01	2016-09-21 01:08:00+01	2016-09-21 01:38:00+01	\N
4155	92	Are you feeling more breathless than usual today?|No|Are you using more pillows to sleep?|No|Are your ankles more swollen than usual?|Yes|Take your water tablets as advised. Please contact your nurse or GP for further advice	d9bc2478-062e-4b87-9060-4984f26b74be	2016-09-21 01:54:22.457+01	2016-09-21 01:54:29.761+01	2016-09-21 01:38:00+01	2016-09-21 02:08:00+01	\N
4156	93	NEGATIVE_RESPONSE	d9bc2478-062e-4b87-9060-4984f26b74be	2016-09-21 01:54:22.457+01	2016-09-21 01:54:29.764+01	2016-09-21 01:38:00+01	2016-09-21 02:08:00+01	\N
4157	92	Are you feeling more breathless than usual today?|Yes|Take your water tablets as advised. Please contact your nurse or GP for further advice	d9bc2478-062e-4b87-9060-4984f26b74be	2016-11-15 22:19:48.326+00	2016-11-15 22:19:53.609+00	2016-11-15 21:38:00+00	2016-11-15 22:38:00+00	\N
4158	93	NEGATIVE_RESPONSE	d9bc2478-062e-4b87-9060-4984f26b74be	2016-11-15 22:19:48.326+00	2016-11-15 22:19:53.63+00	2016-11-15 21:38:00+00	2016-11-15 22:38:00+00	\N
4159	94	37.3	d9bc2478-062e-4b87-9060-4984f26b74be	2016-11-15 22:20:03.656+00	2016-11-15 22:20:08.333+00	2016-11-15 21:38:00+00	2016-11-15 22:38:00+00	\N
4160	92	Are you feeling more breathless than usual today?|Yes|Take your water tablets as advised. Please contact your nurse or GP for further advice	d9bc2478-062e-4b87-9060-4984f26b74be	2016-11-16 00:23:24.309+00	2016-11-16 00:32:45.25+00	2016-11-15 23:38:00+00	2016-11-16 00:38:00+00	\N
4161	93	NEGATIVE_RESPONSE	d9bc2478-062e-4b87-9060-4984f26b74be	2016-11-16 00:23:24.309+00	2016-11-16 00:32:45.357+00	2016-11-15 23:38:00+00	2016-11-16 00:38:00+00	\N
4162	94	35.5	d9bc2478-062e-4b87-9060-4984f26b74be	2016-11-16 00:33:14.719+00	2016-11-16 00:33:33.475+00	2016-11-15 23:38:00+00	2016-11-16 00:38:00+00	\N
4163	95	73	d9bc2478-062e-4b87-9060-4984f26b74be	2016-11-16 00:37:53+00	2016-11-16 00:38:25.812+00	2016-11-15 23:38:00+00	2016-11-16 00:38:00+00	\N
4164	96	98	d9bc2478-062e-4b87-9060-4984f26b74be	2016-11-16 00:37:53+00	2016-11-16 00:38:25.84+00	2016-11-15 23:38:00+00	2016-11-16 00:38:00+00	\N
4165	97	143	d9bc2478-062e-4b87-9060-4984f26b74be	2016-10-20 10:40:00+01	2016-11-16 00:39:46.835+00	2016-11-15 23:38:00+00	2016-11-16 00:38:00+00	\N
4166	98	90	d9bc2478-062e-4b87-9060-4984f26b74be	2016-10-20 10:40:00+01	2016-11-16 00:39:46.853+00	2016-11-15 23:38:00+00	2016-11-16 00:38:00+00	\N
4167	99	70	d9bc2478-062e-4b87-9060-4984f26b74be	2016-10-20 10:40:00+01	2016-11-16 00:39:46.871+00	2016-11-15 23:38:00+00	2016-11-16 00:38:00+00	\N
4168	100	true	d9bc2478-062e-4b87-9060-4984f26b74be	2016-10-20 10:40:00+01	2016-11-16 00:39:46.89+00	2016-11-15 23:38:00+00	2016-11-16 00:38:00+00	\N
4169	101	false	d9bc2478-062e-4b87-9060-4984f26b74be	2016-10-20 10:40:00+01	2016-11-16 00:39:46.91+00	2016-11-15 23:38:00+00	2016-11-16 00:38:00+00	\N
4170	97	134	d9bc2478-062e-4b87-9060-4984f26b74be	2016-09-26 10:49:00+01	2016-11-16 00:39:46.93+00	2016-11-15 23:38:00+00	2016-11-16 00:38:00+00	\N
4171	98	107	d9bc2478-062e-4b87-9060-4984f26b74be	2016-09-26 10:49:00+01	2016-11-16 00:39:46.951+00	2016-11-15 23:38:00+00	2016-11-16 00:38:00+00	\N
4172	99	69	d9bc2478-062e-4b87-9060-4984f26b74be	2016-09-26 10:49:00+01	2016-11-16 00:39:46.973+00	2016-11-15 23:38:00+00	2016-11-16 00:38:00+00	\N
4173	100	true	d9bc2478-062e-4b87-9060-4984f26b74be	2016-09-26 10:49:00+01	2016-11-16 00:39:46.997+00	2016-11-15 23:38:00+00	2016-11-16 00:38:00+00	\N
4174	101	false	d9bc2478-062e-4b87-9060-4984f26b74be	2016-09-26 10:49:00+01	2016-11-16 00:39:47.019+00	2016-11-15 23:38:00+00	2016-11-16 00:38:00+00	\N
4175	97	139	d9bc2478-062e-4b87-9060-4984f26b74be	2016-09-25 01:13:00+01	2016-11-16 00:39:47.041+00	2016-11-15 23:38:00+00	2016-11-16 00:38:00+00	\N
4176	98	88	d9bc2478-062e-4b87-9060-4984f26b74be	2016-09-25 01:13:00+01	2016-11-16 00:39:47.065+00	2016-11-15 23:38:00+00	2016-11-16 00:38:00+00	\N
4177	99	55	d9bc2478-062e-4b87-9060-4984f26b74be	2016-09-25 01:13:00+01	2016-11-16 00:39:47.088+00	2016-11-15 23:38:00+00	2016-11-16 00:38:00+00	\N
4178	100	true	d9bc2478-062e-4b87-9060-4984f26b74be	2016-09-25 01:13:00+01	2016-11-16 00:39:47.111+00	2016-11-15 23:38:00+00	2016-11-16 00:38:00+00	\N
4179	101	false	d9bc2478-062e-4b87-9060-4984f26b74be	2016-09-25 01:13:00+01	2016-11-16 00:39:47.136+00	2016-11-15 23:38:00+00	2016-11-16 00:38:00+00	\N
4180	97	145	d9bc2478-062e-4b87-9060-4984f26b74be	2016-09-24 23:20:00+01	2016-11-16 00:39:47.161+00	2016-11-15 23:38:00+00	2016-11-16 00:38:00+00	\N
4181	98	81	d9bc2478-062e-4b87-9060-4984f26b74be	2016-09-24 23:20:00+01	2016-11-16 00:39:47.187+00	2016-11-15 23:38:00+00	2016-11-16 00:38:00+00	\N
4182	99	68	d9bc2478-062e-4b87-9060-4984f26b74be	2016-09-24 23:20:00+01	2016-11-16 00:39:47.214+00	2016-11-15 23:38:00+00	2016-11-16 00:38:00+00	\N
4183	100	false	d9bc2478-062e-4b87-9060-4984f26b74be	2016-09-24 23:20:00+01	2016-11-16 00:39:47.242+00	2016-11-15 23:38:00+00	2016-11-16 00:38:00+00	\N
4184	101	false	d9bc2478-062e-4b87-9060-4984f26b74be	2016-09-24 23:20:00+01	2016-11-16 00:39:47.271+00	2016-11-15 23:38:00+00	2016-11-16 00:38:00+00	\N
4185	97	136	d9bc2478-062e-4b87-9060-4984f26b74be	2016-07-06 20:58:00+01	2016-11-16 00:39:47.3+00	2016-11-15 23:38:00+00	2016-11-16 00:38:00+00	\N
4186	98	85	d9bc2478-062e-4b87-9060-4984f26b74be	2016-07-06 20:58:00+01	2016-11-16 00:39:47.329+00	2016-11-15 23:38:00+00	2016-11-16 00:38:00+00	\N
4187	99	54	d9bc2478-062e-4b87-9060-4984f26b74be	2016-07-06 20:58:00+01	2016-11-16 00:39:47.358+00	2016-11-15 23:38:00+00	2016-11-16 00:38:00+00	\N
4188	100	true	d9bc2478-062e-4b87-9060-4984f26b74be	2016-07-06 20:58:00+01	2016-11-16 00:39:47.39+00	2016-11-15 23:38:00+00	2016-11-16 00:38:00+00	\N
4189	101	false	d9bc2478-062e-4b87-9060-4984f26b74be	2016-07-06 20:58:00+01	2016-11-16 00:39:47.421+00	2016-11-15 23:38:00+00	2016-11-16 00:38:00+00	\N
4190	97	128	d9bc2478-062e-4b87-9060-4984f26b74be	2016-06-28 16:03:00+01	2016-11-16 00:39:47.454+00	2016-11-15 23:38:00+00	2016-11-16 00:38:00+00	\N
4191	98	88	d9bc2478-062e-4b87-9060-4984f26b74be	2016-06-28 16:03:00+01	2016-11-16 00:39:47.486+00	2016-11-15 23:38:00+00	2016-11-16 00:38:00+00	\N
4192	99	69	d9bc2478-062e-4b87-9060-4984f26b74be	2016-06-28 16:03:00+01	2016-11-16 00:39:47.518+00	2016-11-15 23:38:00+00	2016-11-16 00:38:00+00	\N
4193	100	true	d9bc2478-062e-4b87-9060-4984f26b74be	2016-06-28 16:03:00+01	2016-11-16 00:39:47.55+00	2016-11-15 23:38:00+00	2016-11-16 00:38:00+00	\N
4194	101	false	d9bc2478-062e-4b87-9060-4984f26b74be	2016-06-28 16:03:00+01	2016-11-16 00:39:47.584+00	2016-11-15 23:38:00+00	2016-11-16 00:38:00+00	\N
4195	97	128	d9bc2478-062e-4b87-9060-4984f26b74be	2016-06-20 09:24:00+01	2016-11-16 00:39:47.618+00	2016-11-15 23:38:00+00	2016-11-16 00:38:00+00	\N
4196	98	92	d9bc2478-062e-4b87-9060-4984f26b74be	2016-06-20 09:24:00+01	2016-11-16 00:39:47.666+00	2016-11-15 23:38:00+00	2016-11-16 00:38:00+00	\N
4197	99	61	d9bc2478-062e-4b87-9060-4984f26b74be	2016-06-20 09:24:00+01	2016-11-16 00:39:47.702+00	2016-11-15 23:38:00+00	2016-11-16 00:38:00+00	\N
4198	100	true	d9bc2478-062e-4b87-9060-4984f26b74be	2016-06-20 09:24:00+01	2016-11-16 00:39:47.779+00	2016-11-15 23:38:00+00	2016-11-16 00:38:00+00	\N
4199	101	false	d9bc2478-062e-4b87-9060-4984f26b74be	2016-06-20 09:24:00+01	2016-11-16 00:39:47.815+00	2016-11-15 23:38:00+00	2016-11-16 00:38:00+00	\N
4200	97	139	d9bc2478-062e-4b87-9060-4984f26b74be	2016-05-16 23:26:00+01	2016-11-16 00:39:47.85+00	2016-11-15 23:38:00+00	2016-11-16 00:38:00+00	\N
4201	98	82	d9bc2478-062e-4b87-9060-4984f26b74be	2016-05-16 23:26:00+01	2016-11-16 00:39:47.886+00	2016-11-15 23:38:00+00	2016-11-16 00:38:00+00	\N
4202	99	53	d9bc2478-062e-4b87-9060-4984f26b74be	2016-05-16 23:26:00+01	2016-11-16 00:39:47.923+00	2016-11-15 23:38:00+00	2016-11-16 00:38:00+00	\N
4203	100	false	d9bc2478-062e-4b87-9060-4984f26b74be	2016-05-16 23:26:00+01	2016-11-16 00:39:47.961+00	2016-11-15 23:38:00+00	2016-11-16 00:38:00+00	\N
4204	101	false	d9bc2478-062e-4b87-9060-4984f26b74be	2016-05-16 23:26:00+01	2016-11-16 00:39:47.999+00	2016-11-15 23:38:00+00	2016-11-16 00:38:00+00	\N
4205	97	130	d9bc2478-062e-4b87-9060-4984f26b74be	2016-05-11 21:20:00+01	2016-11-16 00:39:48.039+00	2016-11-15 23:38:00+00	2016-11-16 00:38:00+00	\N
4206	98	86	d9bc2478-062e-4b87-9060-4984f26b74be	2016-05-11 21:20:00+01	2016-11-16 00:39:48.079+00	2016-11-15 23:38:00+00	2016-11-16 00:38:00+00	\N
4207	99	70	d9bc2478-062e-4b87-9060-4984f26b74be	2016-05-11 21:20:00+01	2016-11-16 00:39:48.118+00	2016-11-15 23:38:00+00	2016-11-16 00:38:00+00	\N
4208	100	true	d9bc2478-062e-4b87-9060-4984f26b74be	2016-05-11 21:20:00+01	2016-11-16 00:39:48.158+00	2016-11-15 23:38:00+00	2016-11-16 00:38:00+00	\N
4209	101	false	d9bc2478-062e-4b87-9060-4984f26b74be	2016-05-11 21:20:00+01	2016-11-16 00:39:48.199+00	2016-11-15 23:38:00+00	2016-11-16 00:38:00+00	\N
4210	97	132	d9bc2478-062e-4b87-9060-4984f26b74be	2016-05-11 21:18:00+01	2016-11-16 00:39:48.241+00	2016-11-15 23:38:00+00	2016-11-16 00:38:00+00	\N
4211	98	90	d9bc2478-062e-4b87-9060-4984f26b74be	2016-05-11 21:18:00+01	2016-11-16 00:39:48.283+00	2016-11-15 23:38:00+00	2016-11-16 00:38:00+00	\N
4212	99	68	d9bc2478-062e-4b87-9060-4984f26b74be	2016-05-11 21:18:00+01	2016-11-16 00:39:48.325+00	2016-11-15 23:38:00+00	2016-11-16 00:38:00+00	\N
4213	100	true	d9bc2478-062e-4b87-9060-4984f26b74be	2016-05-11 21:18:00+01	2016-11-16 00:39:48.37+00	2016-11-15 23:38:00+00	2016-11-16 00:38:00+00	\N
4214	101	false	d9bc2478-062e-4b87-9060-4984f26b74be	2016-05-11 21:18:00+01	2016-11-16 00:39:48.416+00	2016-11-15 23:38:00+00	2016-11-16 00:38:00+00	\N
4215	97	177	d9bc2478-062e-4b87-9060-4984f26b74be	2016-05-11 14:52:00+01	2016-11-16 00:39:48.464+00	2016-11-15 23:38:00+00	2016-11-16 00:38:00+00	\N
4216	98	111	d9bc2478-062e-4b87-9060-4984f26b74be	2016-05-11 14:52:00+01	2016-11-16 00:39:48.509+00	2016-11-15 23:38:00+00	2016-11-16 00:38:00+00	\N
4217	99	74	d9bc2478-062e-4b87-9060-4984f26b74be	2016-05-11 14:52:00+01	2016-11-16 00:39:48.555+00	2016-11-15 23:38:00+00	2016-11-16 00:38:00+00	\N
4218	100	false	d9bc2478-062e-4b87-9060-4984f26b74be	2016-05-11 14:52:00+01	2016-11-16 00:39:48.604+00	2016-11-15 23:38:00+00	2016-11-16 00:38:00+00	\N
4219	101	true	d9bc2478-062e-4b87-9060-4984f26b74be	2016-05-11 14:52:00+01	2016-11-16 00:39:48.665+00	2016-11-15 23:38:00+00	2016-11-16 00:38:00+00	\N
4220	97	125	d9bc2478-062e-4b87-9060-4984f26b74be	2016-04-29 20:20:00+01	2016-11-16 00:39:48.715+00	2016-11-15 23:38:00+00	2016-11-16 00:38:00+00	\N
4221	98	93	d9bc2478-062e-4b87-9060-4984f26b74be	2016-04-29 20:20:00+01	2016-11-16 00:39:48.764+00	2016-11-15 23:38:00+00	2016-11-16 00:38:00+00	\N
4222	99	54	d9bc2478-062e-4b87-9060-4984f26b74be	2016-04-29 20:20:00+01	2016-11-16 00:39:48.812+00	2016-11-15 23:38:00+00	2016-11-16 00:38:00+00	\N
4223	100	true	d9bc2478-062e-4b87-9060-4984f26b74be	2016-04-29 20:20:00+01	2016-11-16 00:39:48.862+00	2016-11-15 23:38:00+00	2016-11-16 00:38:00+00	\N
4224	101	false	d9bc2478-062e-4b87-9060-4984f26b74be	2016-04-29 20:20:00+01	2016-11-16 00:39:48.911+00	2016-11-15 23:38:00+00	2016-11-16 00:38:00+00	\N
4225	97	127	d9bc2478-062e-4b87-9060-4984f26b74be	2016-04-26 01:42:00+01	2016-11-16 00:39:48.962+00	2016-11-15 23:38:00+00	2016-11-16 00:38:00+00	\N
4226	98	89	d9bc2478-062e-4b87-9060-4984f26b74be	2016-04-26 01:42:00+01	2016-11-16 00:39:49.012+00	2016-11-15 23:38:00+00	2016-11-16 00:38:00+00	\N
4227	99	65	d9bc2478-062e-4b87-9060-4984f26b74be	2016-04-26 01:42:00+01	2016-11-16 00:39:49.063+00	2016-11-15 23:38:00+00	2016-11-16 00:38:00+00	\N
4228	100	true	d9bc2478-062e-4b87-9060-4984f26b74be	2016-04-26 01:42:00+01	2016-11-16 00:39:49.115+00	2016-11-15 23:38:00+00	2016-11-16 00:38:00+00	\N
4229	101	false	d9bc2478-062e-4b87-9060-4984f26b74be	2016-04-26 01:42:00+01	2016-11-16 00:39:49.168+00	2016-11-15 23:38:00+00	2016-11-16 00:38:00+00	\N
4230	97	125	d9bc2478-062e-4b87-9060-4984f26b74be	2016-04-26 01:39:00+01	2016-11-16 00:39:49.222+00	2016-11-15 23:38:00+00	2016-11-16 00:38:00+00	\N
4231	98	94	d9bc2478-062e-4b87-9060-4984f26b74be	2016-04-26 01:39:00+01	2016-11-16 00:39:49.275+00	2016-11-15 23:38:00+00	2016-11-16 00:38:00+00	\N
4232	99	65	d9bc2478-062e-4b87-9060-4984f26b74be	2016-04-26 01:39:00+01	2016-11-16 00:39:49.329+00	2016-11-15 23:38:00+00	2016-11-16 00:38:00+00	\N
4233	100	true	d9bc2478-062e-4b87-9060-4984f26b74be	2016-04-26 01:39:00+01	2016-11-16 00:39:49.402+00	2016-11-15 23:38:00+00	2016-11-16 00:38:00+00	\N
4234	101	false	d9bc2478-062e-4b87-9060-4984f26b74be	2016-04-26 01:39:00+01	2016-11-16 00:39:49.46+00	2016-11-15 23:38:00+00	2016-11-16 00:38:00+00	\N
4235	97	120	d9bc2478-062e-4b87-9060-4984f26b74be	2016-03-03 01:01:00+00	2016-11-16 00:39:49.52+00	2016-11-15 23:38:00+00	2016-11-16 00:38:00+00	\N
4236	98	86	d9bc2478-062e-4b87-9060-4984f26b74be	2016-03-03 01:01:00+00	2016-11-16 00:39:49.578+00	2016-11-15 23:38:00+00	2016-11-16 00:38:00+00	\N
4237	99	51	d9bc2478-062e-4b87-9060-4984f26b74be	2016-03-03 01:01:00+00	2016-11-16 00:39:49.635+00	2016-11-15 23:38:00+00	2016-11-16 00:38:00+00	\N
4238	100	false	d9bc2478-062e-4b87-9060-4984f26b74be	2016-03-03 01:01:00+00	2016-11-16 00:39:49.716+00	2016-11-15 23:38:00+00	2016-11-16 00:38:00+00	\N
4239	101	false	d9bc2478-062e-4b87-9060-4984f26b74be	2016-03-03 01:01:00+00	2016-11-16 00:39:49.775+00	2016-11-15 23:38:00+00	2016-11-16 00:38:00+00	\N
4240	97	126	d9bc2478-062e-4b87-9060-4984f26b74be	2016-03-01 00:16:00+00	2016-11-16 00:39:49.835+00	2016-11-15 23:38:00+00	2016-11-16 00:38:00+00	\N
4241	98	93	d9bc2478-062e-4b87-9060-4984f26b74be	2016-03-01 00:16:00+00	2016-11-16 00:39:49.895+00	2016-11-15 23:38:00+00	2016-11-16 00:38:00+00	\N
4242	99	65	d9bc2478-062e-4b87-9060-4984f26b74be	2016-03-01 00:16:00+00	2016-11-16 00:39:49.955+00	2016-11-15 23:38:00+00	2016-11-16 00:38:00+00	\N
4243	100	false	d9bc2478-062e-4b87-9060-4984f26b74be	2016-03-01 00:16:00+00	2016-11-16 00:39:50.014+00	2016-11-15 23:38:00+00	2016-11-16 00:38:00+00	\N
4244	101	false	d9bc2478-062e-4b87-9060-4984f26b74be	2016-03-01 00:16:00+00	2016-11-16 00:39:50.075+00	2016-11-15 23:38:00+00	2016-11-16 00:38:00+00	\N
4245	97	133	d9bc2478-062e-4b87-9060-4984f26b74be	2016-02-15 21:38:00+00	2016-11-16 00:39:50.136+00	2016-11-15 23:38:00+00	2016-11-16 00:38:00+00	\N
4246	98	92	d9bc2478-062e-4b87-9060-4984f26b74be	2016-02-15 21:38:00+00	2016-11-16 00:39:50.196+00	2016-11-15 23:38:00+00	2016-11-16 00:38:00+00	\N
4247	99	68	d9bc2478-062e-4b87-9060-4984f26b74be	2016-02-15 21:38:00+00	2016-11-16 00:39:50.258+00	2016-11-15 23:38:00+00	2016-11-16 00:38:00+00	\N
4248	100	true	d9bc2478-062e-4b87-9060-4984f26b74be	2016-02-15 21:38:00+00	2016-11-16 00:39:50.321+00	2016-11-15 23:38:00+00	2016-11-16 00:38:00+00	\N
4249	101	false	d9bc2478-062e-4b87-9060-4984f26b74be	2016-02-15 21:38:00+00	2016-11-16 00:39:50.386+00	2016-11-15 23:38:00+00	2016-11-16 00:38:00+00	\N
4250	97	144	d9bc2478-062e-4b87-9060-4984f26b74be	2016-02-09 09:33:00+00	2016-11-16 00:39:50.451+00	2016-11-15 23:38:00+00	2016-11-16 00:38:00+00	\N
4251	98	90	d9bc2478-062e-4b87-9060-4984f26b74be	2016-02-09 09:33:00+00	2016-11-16 00:39:50.518+00	2016-11-15 23:38:00+00	2016-11-16 00:38:00+00	\N
4252	99	55	d9bc2478-062e-4b87-9060-4984f26b74be	2016-02-09 09:33:00+00	2016-11-16 00:39:50.583+00	2016-11-15 23:38:00+00	2016-11-16 00:38:00+00	\N
4253	100	true	d9bc2478-062e-4b87-9060-4984f26b74be	2016-02-09 09:33:00+00	2016-11-16 00:39:50.663+00	2016-11-15 23:38:00+00	2016-11-16 00:38:00+00	\N
4254	101	false	d9bc2478-062e-4b87-9060-4984f26b74be	2016-02-09 09:33:00+00	2016-11-16 00:39:50.73+00	2016-11-15 23:38:00+00	2016-11-16 00:38:00+00	\N
4255	97	133	d9bc2478-062e-4b87-9060-4984f26b74be	2016-02-05 23:33:00+00	2016-11-16 00:39:50.797+00	2016-11-15 23:38:00+00	2016-11-16 00:38:00+00	\N
4256	98	96	d9bc2478-062e-4b87-9060-4984f26b74be	2016-02-05 23:33:00+00	2016-11-16 00:39:50.864+00	2016-11-15 23:38:00+00	2016-11-16 00:38:00+00	\N
4257	99	57	d9bc2478-062e-4b87-9060-4984f26b74be	2016-02-05 23:33:00+00	2016-11-16 00:39:50.932+00	2016-11-15 23:38:00+00	2016-11-16 00:38:00+00	\N
4258	100	false	d9bc2478-062e-4b87-9060-4984f26b74be	2016-02-05 23:33:00+00	2016-11-16 00:39:51.001+00	2016-11-15 23:38:00+00	2016-11-16 00:38:00+00	\N
4259	101	false	d9bc2478-062e-4b87-9060-4984f26b74be	2016-02-05 23:33:00+00	2016-11-16 00:39:51.072+00	2016-11-15 23:38:00+00	2016-11-16 00:38:00+00	\N
4260	97	114	d9bc2478-062e-4b87-9060-4984f26b74be	2016-02-05 01:55:00+00	2016-11-16 00:39:51.143+00	2016-11-15 23:38:00+00	2016-11-16 00:38:00+00	\N
4261	98	88	d9bc2478-062e-4b87-9060-4984f26b74be	2016-02-05 01:55:00+00	2016-11-16 00:39:51.223+00	2016-11-15 23:38:00+00	2016-11-16 00:38:00+00	\N
4262	99	50	d9bc2478-062e-4b87-9060-4984f26b74be	2016-02-05 01:55:00+00	2016-11-16 00:39:51.301+00	2016-11-15 23:38:00+00	2016-11-16 00:38:00+00	\N
4263	100	true	d9bc2478-062e-4b87-9060-4984f26b74be	2016-02-05 01:55:00+00	2016-11-16 00:39:51.371+00	2016-11-15 23:38:00+00	2016-11-16 00:38:00+00	\N
4264	101	false	d9bc2478-062e-4b87-9060-4984f26b74be	2016-02-05 01:55:00+00	2016-11-16 00:39:51.441+00	2016-11-15 23:38:00+00	2016-11-16 00:38:00+00	\N
4265	97	138	d9bc2478-062e-4b87-9060-4984f26b74be	2016-02-02 14:40:00+00	2016-11-16 00:39:51.517+00	2016-11-15 23:38:00+00	2016-11-16 00:38:00+00	\N
4266	98	107	d9bc2478-062e-4b87-9060-4984f26b74be	2016-02-02 14:40:00+00	2016-11-16 00:39:51.587+00	2016-11-15 23:38:00+00	2016-11-16 00:38:00+00	\N
4267	99	67	d9bc2478-062e-4b87-9060-4984f26b74be	2016-02-02 14:40:00+00	2016-11-16 00:39:51.675+00	2016-11-15 23:38:00+00	2016-11-16 00:38:00+00	\N
4268	100	true	d9bc2478-062e-4b87-9060-4984f26b74be	2016-02-02 14:40:00+00	2016-11-16 00:39:51.747+00	2016-11-15 23:38:00+00	2016-11-16 00:38:00+00	\N
4269	101	true	d9bc2478-062e-4b87-9060-4984f26b74be	2016-02-02 14:40:00+00	2016-11-16 00:39:51.821+00	2016-11-15 23:38:00+00	2016-11-16 00:38:00+00	\N
4270	97	120	d9bc2478-062e-4b87-9060-4984f26b74be	2016-01-26 02:35:00+00	2016-11-16 00:39:51.897+00	2016-11-15 23:38:00+00	2016-11-16 00:38:00+00	\N
4271	98	87	d9bc2478-062e-4b87-9060-4984f26b74be	2016-01-26 02:35:00+00	2016-11-16 00:39:51.972+00	2016-11-15 23:38:00+00	2016-11-16 00:38:00+00	\N
4272	99	55	d9bc2478-062e-4b87-9060-4984f26b74be	2016-01-26 02:35:00+00	2016-11-16 00:39:52.049+00	2016-11-15 23:38:00+00	2016-11-16 00:38:00+00	\N
4273	100	false	d9bc2478-062e-4b87-9060-4984f26b74be	2016-01-26 02:35:00+00	2016-11-16 00:39:52.128+00	2016-11-15 23:38:00+00	2016-11-16 00:38:00+00	\N
4274	101	false	d9bc2478-062e-4b87-9060-4984f26b74be	2016-01-26 02:35:00+00	2016-11-16 00:39:52.206+00	2016-11-15 23:38:00+00	2016-11-16 00:38:00+00	\N
4275	97	129	d9bc2478-062e-4b87-9060-4984f26b74be	2016-01-21 23:46:00+00	2016-11-16 00:39:52.286+00	2016-11-15 23:38:00+00	2016-11-16 00:38:00+00	\N
4276	98	91	d9bc2478-062e-4b87-9060-4984f26b74be	2016-01-21 23:46:00+00	2016-11-16 00:39:52.366+00	2016-11-15 23:38:00+00	2016-11-16 00:38:00+00	\N
4277	99	56	d9bc2478-062e-4b87-9060-4984f26b74be	2016-01-21 23:46:00+00	2016-11-16 00:39:52.447+00	2016-11-15 23:38:00+00	2016-11-16 00:38:00+00	\N
4278	100	false	d9bc2478-062e-4b87-9060-4984f26b74be	2016-01-21 23:46:00+00	2016-11-16 00:39:52.528+00	2016-11-15 23:38:00+00	2016-11-16 00:38:00+00	\N
4279	101	false	d9bc2478-062e-4b87-9060-4984f26b74be	2016-01-21 23:46:00+00	2016-11-16 00:39:52.606+00	2016-11-15 23:38:00+00	2016-11-16 00:38:00+00	\N
4280	97	133	d9bc2478-062e-4b87-9060-4984f26b74be	2016-01-21 01:56:00+00	2016-11-16 00:39:52.703+00	2016-11-15 23:38:00+00	2016-11-16 00:38:00+00	\N
4281	98	84	d9bc2478-062e-4b87-9060-4984f26b74be	2016-01-21 01:56:00+00	2016-11-16 00:39:52.781+00	2016-11-15 23:38:00+00	2016-11-16 00:38:00+00	\N
4282	99	59	d9bc2478-062e-4b87-9060-4984f26b74be	2016-01-21 01:56:00+00	2016-11-16 00:39:52.859+00	2016-11-15 23:38:00+00	2016-11-16 00:38:00+00	\N
4283	100	true	d9bc2478-062e-4b87-9060-4984f26b74be	2016-01-21 01:56:00+00	2016-11-16 00:39:52.938+00	2016-11-15 23:38:00+00	2016-11-16 00:38:00+00	\N
4284	101	false	d9bc2478-062e-4b87-9060-4984f26b74be	2016-01-21 01:56:00+00	2016-11-16 00:39:53.02+00	2016-11-15 23:38:00+00	2016-11-16 00:38:00+00	\N
4285	97	142	d9bc2478-062e-4b87-9060-4984f26b74be	2016-01-19 00:23:00+00	2016-11-16 00:39:53.102+00	2016-11-15 23:38:00+00	2016-11-16 00:38:00+00	\N
4286	98	93	d9bc2478-062e-4b87-9060-4984f26b74be	2016-01-19 00:23:00+00	2016-11-16 00:39:53.183+00	2016-11-15 23:38:00+00	2016-11-16 00:38:00+00	\N
4287	99	50	d9bc2478-062e-4b87-9060-4984f26b74be	2016-01-19 00:23:00+00	2016-11-16 00:39:53.268+00	2016-11-15 23:38:00+00	2016-11-16 00:38:00+00	\N
4288	100	false	d9bc2478-062e-4b87-9060-4984f26b74be	2016-01-19 00:23:00+00	2016-11-16 00:39:53.351+00	2016-11-15 23:38:00+00	2016-11-16 00:38:00+00	\N
4289	101	false	d9bc2478-062e-4b87-9060-4984f26b74be	2016-01-19 00:23:00+00	2016-11-16 00:39:53.437+00	2016-11-15 23:38:00+00	2016-11-16 00:38:00+00	\N
4290	97	136	d9bc2478-062e-4b87-9060-4984f26b74be	2016-01-15 01:38:00+00	2016-11-16 00:39:53.526+00	2016-11-15 23:38:00+00	2016-11-16 00:38:00+00	\N
4291	98	96	d9bc2478-062e-4b87-9060-4984f26b74be	2016-01-15 01:38:00+00	2016-11-16 00:39:53.614+00	2016-11-15 23:38:00+00	2016-11-16 00:38:00+00	\N
4292	99	48	d9bc2478-062e-4b87-9060-4984f26b74be	2016-01-15 01:38:00+00	2016-11-16 00:39:53.717+00	2016-11-15 23:38:00+00	2016-11-16 00:38:00+00	\N
4293	100	false	d9bc2478-062e-4b87-9060-4984f26b74be	2016-01-15 01:38:00+00	2016-11-16 00:39:53.805+00	2016-11-15 23:38:00+00	2016-11-16 00:38:00+00	\N
4294	101	false	d9bc2478-062e-4b87-9060-4984f26b74be	2016-01-15 01:38:00+00	2016-11-16 00:39:53.896+00	2016-11-15 23:38:00+00	2016-11-16 00:38:00+00	\N
4295	97	139	d9bc2478-062e-4b87-9060-4984f26b74be	2016-01-14 01:02:00+00	2016-11-16 00:39:53.987+00	2016-11-15 23:38:00+00	2016-11-16 00:38:00+00	\N
4296	98	95	d9bc2478-062e-4b87-9060-4984f26b74be	2016-01-14 01:02:00+00	2016-11-16 00:39:54.078+00	2016-11-15 23:38:00+00	2016-11-16 00:38:00+00	\N
4297	99	49	d9bc2478-062e-4b87-9060-4984f26b74be	2016-01-14 01:02:00+00	2016-11-16 00:39:54.169+00	2016-11-15 23:38:00+00	2016-11-16 00:38:00+00	\N
4298	100	true	d9bc2478-062e-4b87-9060-4984f26b74be	2016-01-14 01:02:00+00	2016-11-16 00:39:54.26+00	2016-11-15 23:38:00+00	2016-11-16 00:38:00+00	\N
4299	101	false	d9bc2478-062e-4b87-9060-4984f26b74be	2016-01-14 01:02:00+00	2016-11-16 00:39:54.351+00	2016-11-15 23:38:00+00	2016-11-16 00:38:00+00	\N
4300	97	130	d9bc2478-062e-4b87-9060-4984f26b74be	2016-01-12 23:39:00+00	2016-11-16 00:39:54.447+00	2016-11-15 23:38:00+00	2016-11-16 00:38:00+00	\N
4301	98	87	d9bc2478-062e-4b87-9060-4984f26b74be	2016-01-12 23:39:00+00	2016-11-16 00:39:54.54+00	2016-11-15 23:38:00+00	2016-11-16 00:38:00+00	\N
4302	99	43	d9bc2478-062e-4b87-9060-4984f26b74be	2016-01-12 23:39:00+00	2016-11-16 00:39:54.634+00	2016-11-15 23:38:00+00	2016-11-16 00:38:00+00	\N
4303	100	false	d9bc2478-062e-4b87-9060-4984f26b74be	2016-01-12 23:39:00+00	2016-11-16 00:39:54.741+00	2016-11-15 23:38:00+00	2016-11-16 00:38:00+00	\N
4304	101	false	d9bc2478-062e-4b87-9060-4984f26b74be	2016-01-12 23:39:00+00	2016-11-16 00:39:54.833+00	2016-11-15 23:38:00+00	2016-11-16 00:38:00+00	\N
4305	97	144	d9bc2478-062e-4b87-9060-4984f26b74be	2016-01-12 01:56:00+00	2016-11-16 00:39:54.926+00	2016-11-15 23:38:00+00	2016-11-16 00:38:00+00	\N
4306	98	95	d9bc2478-062e-4b87-9060-4984f26b74be	2016-01-12 01:56:00+00	2016-11-16 00:39:55.019+00	2016-11-15 23:38:00+00	2016-11-16 00:38:00+00	\N
4307	99	47	d9bc2478-062e-4b87-9060-4984f26b74be	2016-01-12 01:56:00+00	2016-11-16 00:39:55.113+00	2016-11-15 23:38:00+00	2016-11-16 00:38:00+00	\N
4308	100	false	d9bc2478-062e-4b87-9060-4984f26b74be	2016-01-12 01:56:00+00	2016-11-16 00:39:55.211+00	2016-11-15 23:38:00+00	2016-11-16 00:38:00+00	\N
4309	101	false	d9bc2478-062e-4b87-9060-4984f26b74be	2016-01-12 01:56:00+00	2016-11-16 00:39:55.312+00	2016-11-15 23:38:00+00	2016-11-16 00:38:00+00	\N
4310	97	142	d9bc2478-062e-4b87-9060-4984f26b74be	2016-01-10 23:24:00+00	2016-11-16 00:39:55.409+00	2016-11-15 23:38:00+00	2016-11-16 00:38:00+00	\N
4311	98	97	d9bc2478-062e-4b87-9060-4984f26b74be	2016-01-10 23:24:00+00	2016-11-16 00:39:55.526+00	2016-11-15 23:38:00+00	2016-11-16 00:38:00+00	\N
4312	99	66	d9bc2478-062e-4b87-9060-4984f26b74be	2016-01-10 23:24:00+00	2016-11-16 00:39:55.672+00	2016-11-15 23:38:00+00	2016-11-16 00:38:00+00	\N
4313	100	true	d9bc2478-062e-4b87-9060-4984f26b74be	2016-01-10 23:24:00+00	2016-11-16 00:39:55.777+00	2016-11-15 23:38:00+00	2016-11-16 00:38:00+00	\N
4314	101	false	d9bc2478-062e-4b87-9060-4984f26b74be	2016-01-10 23:24:00+00	2016-11-16 00:39:55.877+00	2016-11-15 23:38:00+00	2016-11-16 00:38:00+00	\N
4315	97	132	d9bc2478-062e-4b87-9060-4984f26b74be	2016-01-10 01:58:00+00	2016-11-16 00:39:55.978+00	2016-11-15 23:38:00+00	2016-11-16 00:38:00+00	\N
4316	98	84	d9bc2478-062e-4b87-9060-4984f26b74be	2016-01-10 01:58:00+00	2016-11-16 00:39:56.082+00	2016-11-15 23:38:00+00	2016-11-16 00:38:00+00	\N
4317	99	54	d9bc2478-062e-4b87-9060-4984f26b74be	2016-01-10 01:58:00+00	2016-11-16 00:39:56.185+00	2016-11-15 23:38:00+00	2016-11-16 00:38:00+00	\N
4318	100	true	d9bc2478-062e-4b87-9060-4984f26b74be	2016-01-10 01:58:00+00	2016-11-16 00:39:56.287+00	2016-11-15 23:38:00+00	2016-11-16 00:38:00+00	\N
4319	101	false	d9bc2478-062e-4b87-9060-4984f26b74be	2016-01-10 01:58:00+00	2016-11-16 00:39:56.391+00	2016-11-15 23:38:00+00	2016-11-16 00:38:00+00	\N
4320	97	131	d9bc2478-062e-4b87-9060-4984f26b74be	2016-01-07 23:47:00+00	2016-11-16 00:39:56.496+00	2016-11-15 23:38:00+00	2016-11-16 00:38:00+00	\N
4321	98	86	d9bc2478-062e-4b87-9060-4984f26b74be	2016-01-07 23:47:00+00	2016-11-16 00:39:56.599+00	2016-11-15 23:38:00+00	2016-11-16 00:38:00+00	\N
4322	99	54	d9bc2478-062e-4b87-9060-4984f26b74be	2016-01-07 23:47:00+00	2016-11-16 00:39:56.723+00	2016-11-15 23:38:00+00	2016-11-16 00:38:00+00	\N
4323	100	false	d9bc2478-062e-4b87-9060-4984f26b74be	2016-01-07 23:47:00+00	2016-11-16 00:39:56.826+00	2016-11-15 23:38:00+00	2016-11-16 00:38:00+00	\N
4324	101	false	d9bc2478-062e-4b87-9060-4984f26b74be	2016-01-07 23:47:00+00	2016-11-16 00:39:56.93+00	2016-11-15 23:38:00+00	2016-11-16 00:38:00+00	\N
4325	97	142	d9bc2478-062e-4b87-9060-4984f26b74be	2016-01-07 01:23:00+00	2016-11-16 00:39:57.033+00	2016-11-15 23:38:00+00	2016-11-16 00:38:00+00	\N
4326	98	96	d9bc2478-062e-4b87-9060-4984f26b74be	2016-01-07 01:23:00+00	2016-11-16 00:39:57.138+00	2016-11-15 23:38:00+00	2016-11-16 00:38:00+00	\N
4327	99	61	d9bc2478-062e-4b87-9060-4984f26b74be	2016-01-07 01:23:00+00	2016-11-16 00:39:57.242+00	2016-11-15 23:38:00+00	2016-11-16 00:38:00+00	\N
4328	100	true	d9bc2478-062e-4b87-9060-4984f26b74be	2016-01-07 01:23:00+00	2016-11-16 00:39:57.347+00	2016-11-15 23:38:00+00	2016-11-16 00:38:00+00	\N
4329	101	false	d9bc2478-062e-4b87-9060-4984f26b74be	2016-01-07 01:23:00+00	2016-11-16 00:39:57.454+00	2016-11-15 23:38:00+00	2016-11-16 00:38:00+00	\N
4330	97	143	d9bc2478-062e-4b87-9060-4984f26b74be	2016-01-05 23:54:00+00	2016-11-16 00:39:57.567+00	2016-11-15 23:38:00+00	2016-11-16 00:38:00+00	\N
4331	98	97	d9bc2478-062e-4b87-9060-4984f26b74be	2016-01-05 23:54:00+00	2016-11-16 00:39:57.69+00	2016-11-15 23:38:00+00	2016-11-16 00:38:00+00	\N
4332	99	52	d9bc2478-062e-4b87-9060-4984f26b74be	2016-01-05 23:54:00+00	2016-11-16 00:39:57.798+00	2016-11-15 23:38:00+00	2016-11-16 00:38:00+00	\N
4333	100	true	d9bc2478-062e-4b87-9060-4984f26b74be	2016-01-05 23:54:00+00	2016-11-16 00:39:57.906+00	2016-11-15 23:38:00+00	2016-11-16 00:38:00+00	\N
4334	101	false	d9bc2478-062e-4b87-9060-4984f26b74be	2016-01-05 23:54:00+00	2016-11-16 00:39:58.018+00	2016-11-15 23:38:00+00	2016-11-16 00:38:00+00	\N
4335	97	149	d9bc2478-062e-4b87-9060-4984f26b74be	2016-01-04 20:23:00+00	2016-11-16 00:39:58.131+00	2016-11-15 23:38:00+00	2016-11-16 00:38:00+00	\N
4336	98	90	d9bc2478-062e-4b87-9060-4984f26b74be	2016-01-04 20:23:00+00	2016-11-16 00:39:58.241+00	2016-11-15 23:38:00+00	2016-11-16 00:38:00+00	\N
4337	99	55	d9bc2478-062e-4b87-9060-4984f26b74be	2016-01-04 20:23:00+00	2016-11-16 00:39:58.353+00	2016-11-15 23:38:00+00	2016-11-16 00:38:00+00	\N
4338	100	true	d9bc2478-062e-4b87-9060-4984f26b74be	2016-01-04 20:23:00+00	2016-11-16 00:39:58.471+00	2016-11-15 23:38:00+00	2016-11-16 00:38:00+00	\N
4339	101	false	d9bc2478-062e-4b87-9060-4984f26b74be	2016-01-04 20:23:00+00	2016-11-16 00:39:58.585+00	2016-11-15 23:38:00+00	2016-11-16 00:38:00+00	\N
4340	97	163	d9bc2478-062e-4b87-9060-4984f26b74be	2016-01-04 00:33:00+00	2016-11-16 00:39:58.72+00	2016-11-15 23:38:00+00	2016-11-16 00:38:00+00	\N
4341	98	91	d9bc2478-062e-4b87-9060-4984f26b74be	2016-01-04 00:33:00+00	2016-11-16 00:39:58.837+00	2016-11-15 23:38:00+00	2016-11-16 00:38:00+00	\N
4342	99	51	d9bc2478-062e-4b87-9060-4984f26b74be	2016-01-04 00:33:00+00	2016-11-16 00:39:58.953+00	2016-11-15 23:38:00+00	2016-11-16 00:38:00+00	\N
4343	100	true	d9bc2478-062e-4b87-9060-4984f26b74be	2016-01-04 00:33:00+00	2016-11-16 00:39:59.069+00	2016-11-15 23:38:00+00	2016-11-16 00:38:00+00	\N
4344	101	false	d9bc2478-062e-4b87-9060-4984f26b74be	2016-01-04 00:33:00+00	2016-11-16 00:39:59.184+00	2016-11-15 23:38:00+00	2016-11-16 00:38:00+00	\N
4345	97	134	d9bc2478-062e-4b87-9060-4984f26b74be	2016-01-03 00:50:00+00	2016-11-16 00:39:59.3+00	2016-11-15 23:38:00+00	2016-11-16 00:38:00+00	\N
4346	98	89	d9bc2478-062e-4b87-9060-4984f26b74be	2016-01-03 00:50:00+00	2016-11-16 00:39:59.419+00	2016-11-15 23:38:00+00	2016-11-16 00:38:00+00	\N
4347	99	72	d9bc2478-062e-4b87-9060-4984f26b74be	2016-01-03 00:50:00+00	2016-11-16 00:39:59.542+00	2016-11-15 23:38:00+00	2016-11-16 00:38:00+00	\N
4348	100	true	d9bc2478-062e-4b87-9060-4984f26b74be	2016-01-03 00:50:00+00	2016-11-16 00:39:59.683+00	2016-11-15 23:38:00+00	2016-11-16 00:38:00+00	\N
4349	101	true	d9bc2478-062e-4b87-9060-4984f26b74be	2016-01-03 00:50:00+00	2016-11-16 00:39:59.803+00	2016-11-15 23:38:00+00	2016-11-16 00:38:00+00	\N
4350	97	133	d9bc2478-062e-4b87-9060-4984f26b74be	2016-01-02 00:55:00+00	2016-11-16 00:39:59.924+00	2016-11-15 23:38:00+00	2016-11-16 00:38:00+00	\N
4351	98	92	d9bc2478-062e-4b87-9060-4984f26b74be	2016-01-02 00:55:00+00	2016-11-16 00:40:00.046+00	2016-11-15 23:38:00+00	2016-11-16 00:38:00+00	\N
4352	99	61	d9bc2478-062e-4b87-9060-4984f26b74be	2016-01-02 00:55:00+00	2016-11-16 00:40:00.169+00	2016-11-15 23:38:00+00	2016-11-16 00:38:00+00	\N
4353	100	true	d9bc2478-062e-4b87-9060-4984f26b74be	2016-01-02 00:55:00+00	2016-11-16 00:40:00.293+00	2016-11-15 23:38:00+00	2016-11-16 00:38:00+00	\N
4354	101	false	d9bc2478-062e-4b87-9060-4984f26b74be	2016-01-02 00:55:00+00	2016-11-16 00:40:00.417+00	2016-11-15 23:38:00+00	2016-11-16 00:38:00+00	\N
4355	97	131	d9bc2478-062e-4b87-9060-4984f26b74be	2016-01-01 00:44:00+00	2016-11-16 00:40:00.544+00	2016-11-15 23:38:00+00	2016-11-16 00:38:00+00	\N
4356	98	90	d9bc2478-062e-4b87-9060-4984f26b74be	2016-01-01 00:44:00+00	2016-11-16 00:40:00.682+00	2016-11-15 23:38:00+00	2016-11-16 00:38:00+00	\N
4357	99	72	d9bc2478-062e-4b87-9060-4984f26b74be	2016-01-01 00:44:00+00	2016-11-16 00:40:00.807+00	2016-11-15 23:38:00+00	2016-11-16 00:38:00+00	\N
4358	100	false	d9bc2478-062e-4b87-9060-4984f26b74be	2016-01-01 00:44:00+00	2016-11-16 00:40:00.93+00	2016-11-15 23:38:00+00	2016-11-16 00:38:00+00	\N
4359	101	false	d9bc2478-062e-4b87-9060-4984f26b74be	2016-01-01 00:44:00+00	2016-11-16 00:40:01.053+00	2016-11-15 23:38:00+00	2016-11-16 00:38:00+00	\N
4360	97	131	d9bc2478-062e-4b87-9060-4984f26b74be	2015-12-30 20:07:00+00	2016-11-16 00:40:01.18+00	2016-11-15 23:38:00+00	2016-11-16 00:38:00+00	\N
4361	98	90	d9bc2478-062e-4b87-9060-4984f26b74be	2015-12-30 20:07:00+00	2016-11-16 00:40:01.305+00	2016-11-15 23:38:00+00	2016-11-16 00:38:00+00	\N
4362	99	69	d9bc2478-062e-4b87-9060-4984f26b74be	2015-12-30 20:07:00+00	2016-11-16 00:40:01.433+00	2016-11-15 23:38:00+00	2016-11-16 00:38:00+00	\N
4363	100	true	d9bc2478-062e-4b87-9060-4984f26b74be	2015-12-30 20:07:00+00	2016-11-16 00:40:01.57+00	2016-11-15 23:38:00+00	2016-11-16 00:38:00+00	\N
4364	101	false	d9bc2478-062e-4b87-9060-4984f26b74be	2015-12-30 20:07:00+00	2016-11-16 00:40:01.722+00	2016-11-15 23:38:00+00	2016-11-16 00:38:00+00	\N
4365	97	134	d9bc2478-062e-4b87-9060-4984f26b74be	2015-12-29 23:50:00+00	2016-11-16 00:40:01.849+00	2016-11-15 23:38:00+00	2016-11-16 00:38:00+00	\N
4366	98	90	d9bc2478-062e-4b87-9060-4984f26b74be	2015-12-29 23:50:00+00	2016-11-16 00:40:01.977+00	2016-11-15 23:38:00+00	2016-11-16 00:38:00+00	\N
4367	99	59	d9bc2478-062e-4b87-9060-4984f26b74be	2015-12-29 23:50:00+00	2016-11-16 00:40:02.104+00	2016-11-15 23:38:00+00	2016-11-16 00:38:00+00	\N
4368	100	true	d9bc2478-062e-4b87-9060-4984f26b74be	2015-12-29 23:50:00+00	2016-11-16 00:40:02.233+00	2016-11-15 23:38:00+00	2016-11-16 00:38:00+00	\N
4369	101	false	d9bc2478-062e-4b87-9060-4984f26b74be	2015-12-29 23:50:00+00	2016-11-16 00:40:02.372+00	2016-11-15 23:38:00+00	2016-11-16 00:38:00+00	\N
4370	97	135	d9bc2478-062e-4b87-9060-4984f26b74be	2015-12-26 23:51:00+00	2016-11-16 00:40:02.561+00	2016-11-15 23:38:00+00	2016-11-16 00:38:00+00	\N
4371	98	87	d9bc2478-062e-4b87-9060-4984f26b74be	2015-12-26 23:51:00+00	2016-11-16 00:40:02.708+00	2016-11-15 23:38:00+00	2016-11-16 00:38:00+00	\N
4372	99	78	d9bc2478-062e-4b87-9060-4984f26b74be	2015-12-26 23:51:00+00	2016-11-16 00:40:02.84+00	2016-11-15 23:38:00+00	2016-11-16 00:38:00+00	\N
4373	100	false	d9bc2478-062e-4b87-9060-4984f26b74be	2015-12-26 23:51:00+00	2016-11-16 00:40:02.974+00	2016-11-15 23:38:00+00	2016-11-16 00:38:00+00	\N
4374	101	false	d9bc2478-062e-4b87-9060-4984f26b74be	2015-12-26 23:51:00+00	2016-11-16 00:40:03.108+00	2016-11-15 23:38:00+00	2016-11-16 00:38:00+00	\N
4375	97	154	d9bc2478-062e-4b87-9060-4984f26b74be	2015-12-22 13:30:00+00	2016-11-16 00:40:03.242+00	2016-11-15 23:38:00+00	2016-11-16 00:38:00+00	\N
4376	98	91	d9bc2478-062e-4b87-9060-4984f26b74be	2015-12-22 13:30:00+00	2016-11-16 00:40:03.376+00	2016-11-15 23:38:00+00	2016-11-16 00:38:00+00	\N
4377	99	73	d9bc2478-062e-4b87-9060-4984f26b74be	2015-12-22 13:30:00+00	2016-11-16 00:40:03.517+00	2016-11-15 23:38:00+00	2016-11-16 00:38:00+00	\N
4378	100	true	d9bc2478-062e-4b87-9060-4984f26b74be	2015-12-22 13:30:00+00	2016-11-16 00:40:03.663+00	2016-11-15 23:38:00+00	2016-11-16 00:38:00+00	\N
4379	101	false	d9bc2478-062e-4b87-9060-4984f26b74be	2015-12-22 13:30:00+00	2016-11-16 00:40:03.802+00	2016-11-15 23:38:00+00	2016-11-16 00:38:00+00	\N
4380	97	134	d9bc2478-062e-4b87-9060-4984f26b74be	2015-12-11 18:51:00+00	2016-11-16 00:40:03.94+00	2016-11-15 23:38:00+00	2016-11-16 00:38:00+00	\N
4381	98	91	d9bc2478-062e-4b87-9060-4984f26b74be	2015-12-11 18:51:00+00	2016-11-16 00:40:04.081+00	2016-11-15 23:38:00+00	2016-11-16 00:38:00+00	\N
4382	99	68	d9bc2478-062e-4b87-9060-4984f26b74be	2015-12-11 18:51:00+00	2016-11-16 00:40:04.219+00	2016-11-15 23:38:00+00	2016-11-16 00:38:00+00	\N
4383	100	true	d9bc2478-062e-4b87-9060-4984f26b74be	2015-12-11 18:51:00+00	2016-11-16 00:40:04.356+00	2016-11-15 23:38:00+00	2016-11-16 00:38:00+00	\N
4384	101	false	d9bc2478-062e-4b87-9060-4984f26b74be	2015-12-11 18:51:00+00	2016-11-16 00:40:04.518+00	2016-11-15 23:38:00+00	2016-11-16 00:38:00+00	\N
4385	97	135	d9bc2478-062e-4b87-9060-4984f26b74be	2015-12-11 18:50:00+00	2016-11-16 00:40:04.676+00	2016-11-15 23:38:00+00	2016-11-16 00:38:00+00	\N
4386	98	112	d9bc2478-062e-4b87-9060-4984f26b74be	2015-12-11 18:50:00+00	2016-11-16 00:40:04.818+00	2016-11-15 23:38:00+00	2016-11-16 00:38:00+00	\N
4387	99	65	d9bc2478-062e-4b87-9060-4984f26b74be	2015-12-11 18:50:00+00	2016-11-16 00:40:04.961+00	2016-11-15 23:38:00+00	2016-11-16 00:38:00+00	\N
4388	100	true	d9bc2478-062e-4b87-9060-4984f26b74be	2015-12-11 18:50:00+00	2016-11-16 00:40:05.106+00	2016-11-15 23:38:00+00	2016-11-16 00:38:00+00	\N
4389	101	false	d9bc2478-062e-4b87-9060-4984f26b74be	2015-12-11 18:50:00+00	2016-11-16 00:40:05.248+00	2016-11-15 23:38:00+00	2016-11-16 00:38:00+00	\N
4390	97	150	d9bc2478-062e-4b87-9060-4984f26b74be	2015-12-01 14:33:00+00	2016-11-16 00:40:05.391+00	2016-11-15 23:38:00+00	2016-11-16 00:38:00+00	\N
4391	98	81	d9bc2478-062e-4b87-9060-4984f26b74be	2015-12-01 14:33:00+00	2016-11-16 00:40:05.537+00	2016-11-15 23:38:00+00	2016-11-16 00:38:00+00	\N
4392	99	77	d9bc2478-062e-4b87-9060-4984f26b74be	2015-12-01 14:33:00+00	2016-11-16 00:40:05.692+00	2016-11-15 23:38:00+00	2016-11-16 00:38:00+00	\N
4393	100	true	d9bc2478-062e-4b87-9060-4984f26b74be	2015-12-01 14:33:00+00	2016-11-16 00:40:05.835+00	2016-11-15 23:38:00+00	2016-11-16 00:38:00+00	\N
4394	101	true	d9bc2478-062e-4b87-9060-4984f26b74be	2015-12-01 14:33:00+00	2016-11-16 00:40:05.975+00	2016-11-15 23:38:00+00	2016-11-16 00:38:00+00	\N
4395	97	136	d9bc2478-062e-4b87-9060-4984f26b74be	2015-12-01 12:51:00+00	2016-11-16 00:40:06.119+00	2016-11-15 23:38:00+00	2016-11-16 00:38:00+00	\N
4396	98	97	d9bc2478-062e-4b87-9060-4984f26b74be	2015-12-01 12:51:00+00	2016-11-16 00:40:06.262+00	2016-11-15 23:38:00+00	2016-11-16 00:38:00+00	\N
4397	99	62	d9bc2478-062e-4b87-9060-4984f26b74be	2015-12-01 12:51:00+00	2016-11-16 00:40:06.406+00	2016-11-15 23:38:00+00	2016-11-16 00:38:00+00	\N
4398	100	false	d9bc2478-062e-4b87-9060-4984f26b74be	2015-12-01 12:51:00+00	2016-11-16 00:40:06.554+00	2016-11-15 23:38:00+00	2016-11-16 00:38:00+00	\N
4399	101	false	d9bc2478-062e-4b87-9060-4984f26b74be	2015-12-01 12:51:00+00	2016-11-16 00:40:06.714+00	2016-11-15 23:38:00+00	2016-11-16 00:38:00+00	\N
4400	97	131	d9bc2478-062e-4b87-9060-4984f26b74be	2015-12-01 12:06:00+00	2016-11-16 00:40:06.862+00	2016-11-15 23:38:00+00	2016-11-16 00:38:00+00	\N
4401	98	82	d9bc2478-062e-4b87-9060-4984f26b74be	2015-12-01 12:06:00+00	2016-11-16 00:40:07.011+00	2016-11-15 23:38:00+00	2016-11-16 00:38:00+00	\N
4402	99	66	d9bc2478-062e-4b87-9060-4984f26b74be	2015-12-01 12:06:00+00	2016-11-16 00:40:07.161+00	2016-11-15 23:38:00+00	2016-11-16 00:38:00+00	\N
4403	100	true	d9bc2478-062e-4b87-9060-4984f26b74be	2015-12-01 12:06:00+00	2016-11-16 00:40:07.31+00	2016-11-15 23:38:00+00	2016-11-16 00:38:00+00	\N
4404	101	false	d9bc2478-062e-4b87-9060-4984f26b74be	2015-12-01 12:06:00+00	2016-11-16 00:40:07.461+00	2016-11-15 23:38:00+00	2016-11-16 00:38:00+00	\N
4405	97	125	d9bc2478-062e-4b87-9060-4984f26b74be	2015-11-25 16:27:00+00	2016-11-16 00:40:07.616+00	2016-11-15 23:38:00+00	2016-11-16 00:38:00+00	\N
4406	98	91	d9bc2478-062e-4b87-9060-4984f26b74be	2015-11-25 16:27:00+00	2016-11-16 00:40:07.793+00	2016-11-15 23:38:00+00	2016-11-16 00:38:00+00	\N
4407	99	63	d9bc2478-062e-4b87-9060-4984f26b74be	2015-11-25 16:27:00+00	2016-11-16 00:40:07.942+00	2016-11-15 23:38:00+00	2016-11-16 00:38:00+00	\N
4408	100	true	d9bc2478-062e-4b87-9060-4984f26b74be	2015-11-25 16:27:00+00	2016-11-16 00:40:08.093+00	2016-11-15 23:38:00+00	2016-11-16 00:38:00+00	\N
4409	101	false	d9bc2478-062e-4b87-9060-4984f26b74be	2015-11-25 16:27:00+00	2016-11-16 00:40:08.246+00	2016-11-15 23:38:00+00	2016-11-16 00:38:00+00	\N
4410	97	120	d9bc2478-062e-4b87-9060-4984f26b74be	2015-11-25 16:24:00+00	2016-11-16 00:40:08.397+00	2016-11-15 23:38:00+00	2016-11-16 00:38:00+00	\N
4411	98	94	d9bc2478-062e-4b87-9060-4984f26b74be	2015-11-25 16:24:00+00	2016-11-16 00:40:08.554+00	2016-11-15 23:38:00+00	2016-11-16 00:38:00+00	\N
4412	99	62	d9bc2478-062e-4b87-9060-4984f26b74be	2015-11-25 16:24:00+00	2016-11-16 00:40:08.725+00	2016-11-15 23:38:00+00	2016-11-16 00:38:00+00	\N
4413	100	true	d9bc2478-062e-4b87-9060-4984f26b74be	2015-11-25 16:24:00+00	2016-11-16 00:40:08.884+00	2016-11-15 23:38:00+00	2016-11-16 00:38:00+00	\N
4414	101	false	d9bc2478-062e-4b87-9060-4984f26b74be	2015-11-25 16:24:00+00	2016-11-16 00:40:09.041+00	2016-11-15 23:38:00+00	2016-11-16 00:38:00+00	\N
4415	97	147	d9bc2478-062e-4b87-9060-4984f26b74be	2015-11-25 16:20:00+00	2016-11-16 00:40:09.195+00	2016-11-15 23:38:00+00	2016-11-16 00:38:00+00	\N
4416	98	90	d9bc2478-062e-4b87-9060-4984f26b74be	2015-11-25 16:20:00+00	2016-11-16 00:40:09.354+00	2016-11-15 23:38:00+00	2016-11-16 00:38:00+00	\N
4417	99	60	d9bc2478-062e-4b87-9060-4984f26b74be	2015-11-25 16:20:00+00	2016-11-16 00:40:09.515+00	2016-11-15 23:38:00+00	2016-11-16 00:38:00+00	\N
4418	100	true	d9bc2478-062e-4b87-9060-4984f26b74be	2015-11-25 16:20:00+00	2016-11-16 00:40:09.69+00	2016-11-15 23:38:00+00	2016-11-16 00:38:00+00	\N
4419	101	false	d9bc2478-062e-4b87-9060-4984f26b74be	2015-11-25 16:20:00+00	2016-11-16 00:40:09.852+00	2016-11-15 23:38:00+00	2016-11-16 00:38:00+00	\N
4420	97	150	d9bc2478-062e-4b87-9060-4984f26b74be	2015-11-25 15:25:00+00	2016-11-16 00:40:10.01+00	2016-11-15 23:38:00+00	2016-11-16 00:38:00+00	\N
4421	98	83	d9bc2478-062e-4b87-9060-4984f26b74be	2015-11-25 15:25:00+00	2016-11-16 00:40:10.169+00	2016-11-15 23:38:00+00	2016-11-16 00:38:00+00	\N
4422	99	70	d9bc2478-062e-4b87-9060-4984f26b74be	2015-11-25 15:25:00+00	2016-11-16 00:40:10.333+00	2016-11-15 23:38:00+00	2016-11-16 00:38:00+00	\N
4423	100	true	d9bc2478-062e-4b87-9060-4984f26b74be	2015-11-25 15:25:00+00	2016-11-16 00:40:10.495+00	2016-11-15 23:38:00+00	2016-11-16 00:38:00+00	\N
4424	101	false	d9bc2478-062e-4b87-9060-4984f26b74be	2015-11-25 15:25:00+00	2016-11-16 00:40:10.675+00	2016-11-15 23:38:00+00	2016-11-16 00:38:00+00	\N
4425	97	150	d9bc2478-062e-4b87-9060-4984f26b74be	2015-11-25 15:24:00+00	2016-11-16 00:40:10.851+00	2016-11-15 23:38:00+00	2016-11-16 00:38:00+00	\N
4426	98	83	d9bc2478-062e-4b87-9060-4984f26b74be	2015-11-25 15:24:00+00	2016-11-16 00:40:11.024+00	2016-11-15 23:38:00+00	2016-11-16 00:38:00+00	\N
4427	99	74	d9bc2478-062e-4b87-9060-4984f26b74be	2015-11-25 15:24:00+00	2016-11-16 00:40:11.191+00	2016-11-15 23:38:00+00	2016-11-16 00:38:00+00	\N
4428	100	false	d9bc2478-062e-4b87-9060-4984f26b74be	2015-11-25 15:24:00+00	2016-11-16 00:40:11.355+00	2016-11-15 23:38:00+00	2016-11-16 00:38:00+00	\N
4429	101	false	d9bc2478-062e-4b87-9060-4984f26b74be	2015-11-25 15:24:00+00	2016-11-16 00:40:11.52+00	2016-11-15 23:38:00+00	2016-11-16 00:38:00+00	\N
4430	94	37.8	d9bc2478-062e-4b87-9060-4984f26b74be	2016-11-20 23:27:00.456+00	2016-11-20 23:27:11.531+00	2016-11-20 22:38:00+00	2016-11-20 23:38:00+00	\N
4431	94	36.9	d9bc2478-062e-4b87-9060-4984f26b74be	2016-11-24 01:16:07.5+00	2016-11-24 01:16:26.025+00	2016-11-23 10:00:00+00	2016-11-24 10:00:00+00	\N
4432	92	Are you feeling more breathless than usual today?|Yes|Take your water tablets as advised. Please contact your nurse or GP for further advice	d9bc2478-062e-4b87-9060-4984f26b74be	2016-11-24 01:16:13.23+00	2016-11-24 01:16:26.067+00	2016-11-23 10:00:00+00	2016-11-24 10:00:00+00	\N
4433	93	RED_FLAG	d9bc2478-062e-4b87-9060-4984f26b74be	2016-11-24 01:16:13.23+00	2016-11-24 01:16:26.071+00	2016-11-23 10:00:00+00	2016-11-24 10:00:00+00	\N
4434	102	Are you feeling more breathless or coughing more than usual today?|No|Good! Keep using your reliever as recommended and contact your key worker if you start to feel unwell.	d9bc2478-062e-4b87-9060-4984f26b74be	2016-11-24 01:16:16.21+00	2016-11-24 01:16:26.086+00	2016-11-23 10:00:00+00	2016-11-24 10:00:00+00	\N
4435	103	GREEN_FLAG	d9bc2478-062e-4b87-9060-4984f26b74be	2016-11-24 01:16:16.21+00	2016-11-24 01:16:26.094+00	2016-11-23 10:00:00+00	2016-11-24 10:00:00+00	\N
4436	104	Are you feeling well today?|No|Have you felt excessively thirsty?|Yes|Please contact your diabetes nurse for further advice	d9bc2478-062e-4b87-9060-4984f26b74be	2016-11-24 01:16:19.743+00	2016-11-24 01:16:26.107+00	2016-11-23 10:00:00+00	2016-11-24 10:00:00+00	\N
4437	105	RED_FLAG	d9bc2478-062e-4b87-9060-4984f26b74be	2016-11-24 01:16:19.743+00	2016-11-24 01:16:26.114+00	2016-11-23 10:00:00+00	2016-11-24 10:00:00+00	\N
4438	104	Are you feeling well today?|Yes|Have you felt excessively thirsty?|Yes|Please contact your diabetes nurse for further advice	d9bc2478-062e-4b87-9060-4984f26b74be	2016-11-29 00:13:17.006+00	2016-11-29 00:13:28.118+00	2016-11-28 10:00:00+00	2016-11-29 10:00:00+00	\N
4439	105	RED_FLAG	d9bc2478-062e-4b87-9060-4984f26b74be	2016-11-29 00:13:17.006+00	2016-11-29 00:13:28.183+00	2016-11-28 10:00:00+00	2016-11-29 10:00:00+00	\N
4440	102	Are you feeling more breathless or coughing more than usual today?|Yes|Is your cough or breathlessness much worse than usual?|Yes|Has your cough or breathlessness been worse for more than a day?|Yes|Have you found it more difficult to undertake your normal routine?|Yes|Are you coughing up sputum?|Yes|Has the amount of sputum increased or become more difficult to clear?|Yes|Has your sputum changed colour or thickness since yesterday?|Yes|Keep following your management plan, or seek advice from your key worker.	d9bc2478-062e-4b87-9060-4984f26b74be	2016-11-29 00:18:34.45+00	2016-11-29 00:18:41.669+00	2016-11-28 10:00:00+00	2016-11-29 10:00:00+00	\N
4441	103	RED_FLAG	d9bc2478-062e-4b87-9060-4984f26b74be	2016-11-29 00:18:34.45+00	2016-11-29 00:18:41.678+00	2016-11-28 10:00:00+00	2016-11-29 10:00:00+00	\N
\.


--
-- Name: recording_device_data_data_id_seq; Type: SEQUENCE SET; Schema: public; Owner: postgres
--

SELECT pg_catalog.setval('recording_device_data_data_id_seq', 4446, true);


--
-- Data for Name: recording_device_type; Type: TABLE DATA; Schema: public; Owner: postgres
--

COPY recording_device_type (type_id, type, make, model, display_name) FROM stdin;
56	DiagnosticScale	Beurer	BF-480	Beurer BF-480 Scales
57	Questionnaire	NONE	NONE	Heart Questionnaire
58	Thermometer	TempCo	101	TempCo 101 Tympanic Thermometer
59	Oximeter	Nonin	9560	Nonin 9560 Finger Pulse Oximeter
60	BloodPressure	Beurer	BM-55	Beurer BM-55 Blood Pressure Meter
61	Questionnaire	NONE	NONE	COPD Questionnaire
62	Questionnaire	NONE	NONE	Diabetes Questionnaire
\.


--
-- Name: recording_device_type_type_id_seq; Type: SEQUENCE SET; Schema: public; Owner: postgres
--

SELECT pg_catalog.setval('recording_device_type_type_id_seq', 62, true);


--
-- Name: alert_id; Type: CONSTRAINT; Schema: public; Owner: postgres; Tablespace: 
--

ALTER TABLE ONLY alert
    ADD CONSTRAINT alert_id PRIMARY KEY (alert_id);


--
-- Name: attribute_id; Type: CONSTRAINT; Schema: public; Owner: postgres; Tablespace: 
--

ALTER TABLE ONLY recording_device_attribute
    ADD CONSTRAINT attribute_id PRIMARY KEY (attribute_id);


--
-- Name: attribute_threshold_id; Type: CONSTRAINT; Schema: public; Owner: postgres; Tablespace: 
--

ALTER TABLE ONLY attribute_threshold
    ADD CONSTRAINT attribute_threshold_id PRIMARY KEY (attribute_threshold_id);


--
-- Name: data_id; Type: CONSTRAINT; Schema: public; Owner: postgres; Tablespace: 
--

ALTER TABLE ONLY recording_device_data
    ADD CONSTRAINT data_id PRIMARY KEY (data_id);


--
-- Name: patient_details_pk; Type: CONSTRAINT; Schema: public; Owner: postgres; Tablespace: 
--

ALTER TABLE ONLY patient_details
    ADD CONSTRAINT patient_details_pk PRIMARY KEY (patient_uuid);


--
-- Name: patient_group_pk; Type: CONSTRAINT; Schema: public; Owner: postgres; Tablespace: 
--

ALTER TABLE ONLY patient_group
    ADD CONSTRAINT patient_group_pk PRIMARY KEY (patient_group_uuid);


--
-- Name: patient_id; Type: CONSTRAINT; Schema: public; Owner: postgres; Tablespace: 
--

ALTER TABLE ONLY patient
    ADD CONSTRAINT patient_id PRIMARY KEY (patient_uuid);


--
-- Name: type_id; Type: CONSTRAINT; Schema: public; Owner: postgres; Tablespace: 
--

ALTER TABLE ONLY recording_device_type
    ADD CONSTRAINT type_id PRIMARY KEY (type_id);


--
-- Name: patient_alert_fk; Type: FK CONSTRAINT; Schema: public; Owner: postgres
--

ALTER TABLE ONLY alert
    ADD CONSTRAINT patient_alert_fk FOREIGN KEY (patient_uuid) REFERENCES patient(patient_uuid);


--
-- Name: patient_attribute_threshold_fk; Type: FK CONSTRAINT; Schema: public; Owner: postgres
--

ALTER TABLE ONLY attribute_threshold
    ADD CONSTRAINT patient_attribute_threshold_fk FOREIGN KEY (patient_uuid) REFERENCES patient(patient_uuid);


--
-- Name: patient_group_patient_fk; Type: FK CONSTRAINT; Schema: public; Owner: postgres
--

ALTER TABLE ONLY patient
    ADD CONSTRAINT patient_group_patient_fk FOREIGN KEY (patient_group_uuid) REFERENCES patient_group(patient_group_uuid);


--
-- Name: patient_patient_details_fk; Type: FK CONSTRAINT; Schema: public; Owner: postgres
--

ALTER TABLE ONLY patient_details
    ADD CONSTRAINT patient_patient_details_fk FOREIGN KEY (patient_uuid) REFERENCES patient(patient_uuid);


--
-- Name: patient_recording_device_data_fk; Type: FK CONSTRAINT; Schema: public; Owner: postgres
--

ALTER TABLE ONLY recording_device_data
    ADD CONSTRAINT patient_recording_device_data_fk FOREIGN KEY (patient_uuid) REFERENCES patient(patient_uuid);


--
-- Name: recording_device_attribute_attribute_threshold_fk; Type: FK CONSTRAINT; Schema: public; Owner: postgres
--

ALTER TABLE ONLY attribute_threshold
    ADD CONSTRAINT recording_device_attribute_attribute_threshold_fk FOREIGN KEY (attribute_id) REFERENCES recording_device_attribute(attribute_id);


--
-- Name: recording_device_attribute_recording_device_data_fk; Type: FK CONSTRAINT; Schema: public; Owner: postgres
--

ALTER TABLE ONLY recording_device_data
    ADD CONSTRAINT recording_device_attribute_recording_device_data_fk FOREIGN KEY (attribute_id) REFERENCES recording_device_attribute(attribute_id);


--
-- Name: recording_device_data_alert_fk; Type: FK CONSTRAINT; Schema: public; Owner: postgres
--

ALTER TABLE ONLY alert
    ADD CONSTRAINT recording_device_data_alert_fk FOREIGN KEY (data_id) REFERENCES recording_device_data(data_id);


--
-- Name: recording_device_type_recording_device_attribute_fk; Type: FK CONSTRAINT; Schema: public; Owner: postgres
--

ALTER TABLE ONLY recording_device_attribute
    ADD CONSTRAINT recording_device_type_recording_device_attribute_fk FOREIGN KEY (type_id) REFERENCES recording_device_type(type_id);


--
-- Name: public; Type: ACL; Schema: -; Owner: postgres
--

REVOKE ALL ON SCHEMA public FROM PUBLIC;
REVOKE ALL ON SCHEMA public FROM postgres;
GRANT ALL ON SCHEMA public TO postgres;
GRANT ALL ON SCHEMA public TO PUBLIC;


--
-- PostgreSQL database dump complete
--

