<?xml version="1.0" ?>
<data-list>
   <entry>
      <meta-data>
         <meta name="HANDLE">1</meta>
      </meta-data>
      <compound>
         <name>Numeric</name>
         <entries>
            <entry>
               <meta-data>
                  <meta name="partition">2</meta>
                  <meta name="metric-id">19384</meta>
                  <meta name="unit-code">544</meta>
                  <meta name="unit">%</meta>
               </meta-data>
               <simple>
                  <name>Basic-Nu-Observed-Value</name>
                  <type>float</type>
                  <value>98.000000</value>
               </simple>
            </entry>
            <entry>
               <compound>
                  <name>Absolute-Time-Stamp</name>
                  <entries>
                     <entry>
                        <simple>
                           <name>century</name>
                           <type>intu8</type>
                           <value>20</value>
                        </simple>
                     </entry>
                     <entry>
                        <simple>
                           <name>year</name>
                           <type>intu8</type>
                           <value>17</value>
                        </simple>
                     </entry>
                     <entry>
                        <simple>
                           <name>month</name>
                           <type>intu8</type>
                           <value>9</value>
                        </simple>
                     </entry>
                     <entry>
                        <simple>
                           <name>day</name>
                           <type>intu8</type>
                           <value>7</value>
                        </simple>
                     </entry>
                     <entry>
                        <simple>
                           <name>hour</name>
                           <type>intu8</type>
                           <value>11</value>
                        </simple>
                     </entry>
                     <entry>
                        <simple>
                           <name>minute</name>
                           <type>intu8</type>
                           <value>47</value>
                        </simple>
                     </entry>
                     <entry>
                        <simple>
                           <name>second</name>
                           <type>intu8</type>
                           <value>44</value>
                        </simple>
                     </entry>
                     <entry>
                        <simple>
                           <name>sec_fractions</name>
                           <type>intu8</type>
                           <value>0</value>
                        </simple>
                     </entry>
                  </entries>
               </compound>
            </entry>
         </entries>
      </compound>
   </entry>
   <entry>
      <meta-data>
         <meta name="HANDLE">10</meta>
      </meta-data>
      <compound>
         <name>Numeric</name>
         <entries>
            <entry>
               <meta-data>
                  <meta name="partition">2</meta>
                  <meta name="metric-id">18458</meta>
                  <meta name="unit-code">2720</meta>
                  <meta name="unit">bpm</meta>
               </meta-data>
               <simple>
                  <name>Basic-Nu-Observed-Value</name>
                  <type>float</type>
                  <value>68.000000</value>
               </simple>
            </entry>
            <entry>
               <compound>
                  <name>Absolute-Time-Stamp</name>
                  <entries>
                     <entry>
                        <simple>
                           <name>century</name>
                           <type>intu8</type>
                           <value>20</value>
                        </simple>
                     </entry>
                     <entry>
                        <simple>
                           <name>year</name>
                           <type>intu8</type>
                           <value>17</value>
                        </simple>
                     </entry>
                     <entry>
                        <simple>
                           <name>month</name>
                           <type>intu8</type>
                           <value>9</value>
                        </simple>
                     </entry>
                     <entry>
                        <simple>
                           <name>day</name>
                           <type>intu8</type>
                           <value>7</value>
                        </simple>
                     </entry>
                     <entry>
                        <simple>
                           <name>hour</name>
                           <type>intu8</type>
                           <value>11</value>
                        </simple>
                     </entry>
                     <entry>
                        <simple>
                           <name>minute</name>
                           <type>intu8</type>
                           <value>47</value>
                        </simple>
                     </entry>
                     <entry>
                        <simple>
                           <name>second</name>
                           <type>intu8</type>
                           <value>44</value>
                        </simple>
                     </entry>
                     <entry>
                        <simple>
                           <name>sec_fractions</name>
                           <type>intu8</type>
                           <value>0</value>
                        </simple>
                     </entry>
                  </entries>
               </compound>
            </entry>
         </entries>
      </compound>
   </entry>
</data-list>
