<?xml version="1.0" ?>
<data-list>
   <entry>
      <meta-data>
         <meta name="personal-id">65</meta>
         <meta name="HANDLE">1</meta>
      </meta-data>
      <compound>
         <name>Numeric</name>
         <entries>
            <entry>
               <meta-data>
                  <meta name="partition">2</meta>
                  <meta name="metric-id">18948</meta>
                  <meta name="unit-code">3872</meta>
                  <meta name="unit">mmHg</meta>
               </meta-data>
               <compound>
                  <name>Compound-Basic-Nu-Observed-Value</name>
                  <entries>
                     <entry>
                        <meta-data>
                           <meta name="partition">2</meta>
                           <meta name="metric-id">18949</meta>
                        </meta-data>
                        <simple>
                           <name>0</name>
                           <type>float</type>
                           <value>134.000000</value>
                        </simple>
                     </entry>
                     <entry>
                        <meta-data>
                           <meta name="partition">2</meta>
                           <meta name="metric-id">18950</meta>
                        </meta-data>
                        <simple>
                           <name>1</name>
                           <type>float</type>
                           <value>84.000000</value>
                        </simple>
                     </entry>
                     <entry>
                        <meta-data>
                           <meta name="partition">2</meta>
                           <meta name="metric-id">18951</meta>
                        </meta-data>
                        <simple>
                           <name>2</name>
                           <type>float</type>
                           <value>100.000000</value>
                        </simple>
                     </entry>
                  </entries>
               </compound>
            </entry>
            <entry>
               <compound>
                  <name>Absolute-Time-Stamp</name>
                  <entries>
                     <entry>
                        <simple>
                           <name>century</name>
                           <type>intu8</type>
                           <value>20</value>
                        </simple>
                     </entry>
                     <entry>
                        <simple>
                           <name>year</name>
                           <type>intu8</type>
                           <value>17</value>
                        </simple>
                     </entry>
                     <entry>
                        <simple>
                           <name>month</name>
                           <type>intu8</type>
                           <value>9</value>
                        </simple>
                     </entry>
                     <entry>
                        <simple>
                           <name>day</name>
                           <type>intu8</type>
                           <value>7</value>
                        </simple>
                     </entry>
                     <entry>
                        <simple>
                           <name>hour</name>
                           <type>intu8</type>
                           <value>1</value>
                        </simple>
                     </entry>
                     <entry>
                        <simple>
                           <name>minute</name>
                           <type>intu8</type>
                           <value>37</value>
                        </simple>
                     </entry>
                     <entry>
                        <simple>
                           <name>second</name>
                           <type>intu8</type>
                           <value>21</value>
                        </simple>
                     </entry>
                     <entry>
                        <simple>
                           <name>sec_fractions</name>
                           <type>intu8</type>
                           <value>0</value>
                        </simple>
                     </entry>
                  </entries>
               </compound>
            </entry>
         </entries>
      </compound>
   </entry>
   <entry>
      <meta-data>
         <meta name="personal-id">65</meta>
         <meta name="HANDLE">2</meta>
      </meta-data>
      <compound>
         <name>Numeric</name>
         <entries>
            <entry>
               <meta-data>
                  <meta name="partition">2</meta>
                  <meta name="metric-id">18474</meta>
                  <meta name="unit-code">2720</meta>
                  <meta name="unit">bpm</meta>
               </meta-data>
               <simple>
                  <name>Basic-Nu-Observed-Value</name>
                  <type>float</type>
                  <value>65.000000</value>
               </simple>
            </entry>
            <entry>
               <compound>
                  <name>Absolute-Time-Stamp</name>
                  <entries>
                     <entry>
                        <simple>
                           <name>century</name>
                           <type>intu8</type>
                           <value>20</value>
                        </simple>
                     </entry>
                     <entry>
                        <simple>
                           <name>year</name>
                           <type>intu8</type>
                           <value>17</value>
                        </simple>
                     </entry>
                     <entry>
                        <simple>
                           <name>month</name>
                           <type>intu8</type>
                           <value>9</value>
                        </simple>
                     </entry>
                     <entry>
                        <simple>
                           <name>day</name>
                           <type>intu8</type>
                           <value>7</value>
                        </simple>
                     </entry>
                     <entry>
                        <simple>
                           <name>hour</name>
                           <type>intu8</type>
                           <value>1</value>
                        </simple>
                     </entry>
                     <entry>
                        <simple>
                           <name>minute</name>
                           <type>intu8</type>
                           <value>37</value>
                        </simple>
                     </entry>
                     <entry>
                        <simple>
                           <name>second</name>
                           <type>intu8</type>
                           <value>21</value>
                        </simple>
                     </entry>
                     <entry>
                        <simple>
                           <name>sec_fractions</name>
                           <type>intu8</type>
                           <value>0</value>
                        </simple>
                     </entry>
                  </entries>
               </compound>
            </entry>
         </entries>
      </compound>
   </entry>
   <entry>
      <meta-data>
         <meta name="personal-id">65</meta>
         <meta name="HANDLE">3</meta>
      </meta-data>
      <compound>
         <name>Numeric</name>
         <entries>
            <entry>
               <meta-data>
                  <meta name="partition">2</meta>
                  <meta name="metric-id">61458</meta>
                  <meta name="unit-code">512</meta>
                  <meta name="unit"/>
               </meta-data>
               <simple>
                  <name>Basic-Nu-Observed-Value</name>
                  <type>float</type>
                  <value>0.000000</value>
               </simple>
            </entry>
            <entry>
               <compound>
                  <name>Absolute-Time-Stamp</name>
                  <entries>
                     <entry>
                        <simple>
                           <name>century</name>
                           <type>intu8</type>
                           <value>20</value>
                        </simple>
                     </entry>
                     <entry>
                        <simple>
                           <name>year</name>
                           <type>intu8</type>
                           <value>17</value>
                        </simple>
                     </entry>
                     <entry>
                        <simple>
                           <name>month</name>
                           <type>intu8</type>
                           <value>9</value>
                        </simple>
                     </entry>
                     <entry>
                        <simple>
                           <name>day</name>
                           <type>intu8</type>
                           <value>7</value>
                        </simple>
                     </entry>
                     <entry>
                        <simple>
                           <name>hour</name>
                           <type>intu8</type>
                           <value>1</value>
                        </simple>
                     </entry>
                     <entry>
                        <simple>
                           <name>minute</name>
                           <type>intu8</type>
                           <value>37</value>
                        </simple>
                     </entry>
                     <entry>
                        <simple>
                           <name>second</name>
                           <type>intu8</type>
                           <value>21</value>
                        </simple>
                     </entry>
                     <entry>
                        <simple>
                           <name>sec_fractions</name>
                           <type>intu8</type>
                           <value>0</value>
                        </simple>
                     </entry>
                  </entries>
               </compound>
            </entry>
         </entries>
      </compound>
   </entry>
</data-list>
